timestamp;sensor_id;location;temperature_celsius;humidity_percent;pressure_hpa;air_quality_aqi;status
2024-01-01 14:00:00;SENSOR_002;Location_C;30.93;62.5;1011.95;12.0;active
2024-01-31 13:00:00;SENSOR_005;Location_A;31.58;71.9;1005.2;64.5;active
2024-01-20 04:00:00;SENSOR_006;Location_B;20.51;76.5;1022.81;63.9;active
2024-01-23 12:00:00;SENSOR_008;Location_D;33.27;59.0;1001.73;47.4;active
2024-01-06 05:00:00;SENSOR_008;Location_D;22.55;80.8;1012.77;53.5;active
2024-01-28 18:00:00;SENSOR_010;Location_A;27.17;80.9;1002.86;78.1;active
2024-01-18 13:00:00;SENSOR_009;Location_E;32.37;69.9;999.0;47.1;active
2024-02-26 00:00:00;SENSOR_007;Location_C;16.19;95.0;1020.4;77.3;active
2024-01-25 18:00:00;SENSOR_009;Location_E;22.55;78.2;1018.68;85.9;active
2024-01-08 17:00:00;SENSOR_010;Location_A;23.68;76.5;1014.19;89.9;active
2024-01-16 02:00:00;SENSOR_010;Location_A;16.39;91.8;1021.28;57.8;active
2024-02-21 12:00:00;SENSOR_009;Location_E;33.22;60.9;1007.67;45.6;active
2024-02-21 15:00:00;SENSOR_010;Location_A;30.08;68.3;1009.14;35.2;active
2024-02-17 14:00:00;SENSOR_004;Location_E;34.12;62.6;1015.94;69.8;active
2024-01-20 21:00:00;SENSOR_003;Location_D;19.54;96.6;1023.59;52.3;active
2024-01-30 18:00:00;SENSOR_006;Location_B;26.84;79.8;1026.84;73.1;active
2024-02-07 04:00:00;SENSOR_006;Location_B;17.83;95.5;1012.58;47.7;active
2024-02-19 05:00:00;SENSOR_004;Location_E;20.11;91.5;1011.58;35.7;active
2024-01-29 23:00:00;SENSOR_004;Location_E;20.13;76.5;1029.15;33.5;active
2024-01-07 07:00:00;SENSOR_005;Location_A;;71.8;984.84;43.3;active
2024-02-05 11:00:00;SENSOR_008;Location_D;31.55;60.7;1013.15;46.9;active
2024-01-13 08:00:00;SENSOR_001;location_b;26.21;73.9;987.09;70.1;active
2024-01-25 17:00:00;SENSOR_007;Location_C;30.21;63.3;1012.86;60.9;active
2024-02-18 07:00:00;SENSOR_010;location_a;27.98;71.3;1007.79;69.3;active
2024-01-07 14:00:00;SENSOR_002;Location_C;35.67;64.0;1014.78;47.4;active
2024-01-02 10:00:00;SENSOR_004;Location_E;31.92;64.2;1018.01;54.5;active
2024-02-23 21:00:00;SENSOR_006;Location_B;;90.1;1009.4;64.3;active
2024-01-02 02:00:00;SENSOR_004;location_e;17.82;82.5;995.46;62.1;active
2024-02-23 00:00:00;SENSOR_005;Location_A;15.89;86.7;1004.5;42.9;active
2024-01-11 12:00:00;SENSOR_004;Location_E;31.28;;1011.37;60.5;active
2024-01-07 13:00:00;SENSOR_010;Location_A;30.48;59.4;1021.72;63.5;active
2024-02-13 22:00:00;SENSOR_002;Location_C;18.0;94.4;1021.96;36.2;active
2024-01-28 19:00:00;SENSOR_002;Location_C;25.76;76.4;1026.89;80.4;active
2024-01-04 22:00:00;SENSOR_008;Location_D;19.05;85.4;1027.41;53.2;active
2024-01-30 01:00:00;SENSOR_005;Location_A;15.63;94.3;1005.2;42.1;active
2024-02-26 14:00:00;SENSOR_001;location_b;33.07;60.5;1001.42;47.9;active
2024-02-16 18:00:00;SENSOR_005;Location_A;23.4;82.3;1000.53;78.9;active
2024-02-24 10:00:00;SENSOR_001;Location_B;29.9;67.2;1030.67;41.9;active
2024-02-01 02:00:00;SENSOR_009;Location_E;17.3;93.6;1011.51;58.6;active
2024-01-30 10:00:00;SENSOR_002;Location_C;33.11;56.7;1002.99;53.3;active
2024-01-04 07:00:00;SENSOR_007;Location_C;79.93;79.0;1010.97;57.2;active
2024-01-11 06:00:00;SENSOR_005;Location_A;26.44;79.5;1006.82;32.8;active
2024-01-03 01:00:00;SENSOR_008;location_d;15.88;87.8;1014.02;47.7;active
2024-02-17 23:00:00;SENSOR_005;Location_A;16.08;86.4;1024.78;53.3;active
2024-02-07 05:00:00;SENSOR_002;Location_C;24.25;77.6;1024.81;47.1;active
2024-01-15 22:00:00;SENSOR_006;Location_B;15.31;98.7;1004.52;42.3;maintenance
2024-01-22 18:00:00;SENSOR_001;Location_B;75.19;90.2;1007.08;95.3;active
2024-02-26 05:00:00;SENSOR_009;Location_E;25.31;75.1;1017.26;37.9;active
2024-01-03 03:00:00;SENSOR_001;Location_B;19.27;83.0;993.16;54.0;active
2024-02-12 00:00:00;SENSOR_001;Location_B;17.98;93.1;995.46;66.3;active
2024-02-05 02:00:00;SENSOR_001;Location_B;12.62;98.9;1006.47;29.0;active
2024-01-28 03:00:00;SENSOR_009;Location_E;20.19;90.1;994.38;46.8;active
2024-01-14 22:00:00;SENSOR_005;Location_A;19.8;87.4;1011.38;29.5;active
2024-01-30 19:00:00;SENSOR_002;Location_C;20.13;89.2;1012.51;74.3;active
2024-01-02 14:00:00;SENSOR_002;Location_C;32.04;63.3;1004.35;64.2;active
2024-02-05 20:00:00;SENSOR_009;location_e;19.76;100.0;1024.96;41.1;active
2024-02-22 15:00:00;SENSOR_007;Location_C;28.74;70.8;1026.19;62.8;active
2024-01-14 14:00:00;SENSOR_010;Location_A;32.51;66.5;993.06;58.1;active
2024-02-18 06:00:00;SENSOR_008;Location_D;25.33;73.4;1001.55;51.2;active
2024-02-18 03:00:00;SENSOR_006;Location_B;24.33;82.4;1016.29;63.9;active
2024-01-28 15:00:00;SENSOR_007;Location_C;25.14;77.4;1009.42;61.1;active
2024-01-04 23:00:00;SENSOR_005;Location_A;15.87;90.0;1031.01;33.8;active
2024-01-23 12:00:00;SENSOR_003;location_d;29.87;69.9;1019.06;39.2;active
2024-01-13 20:00:00;SENSOR_008;Location_D;20.03;88.7;987.08;79.6;active
2024-02-19 15:00:00;SENSOR_007;Location_C;26.74;80.7;1011.26;25.7;active
2024-01-14 09:00:00;SENSOR_010;Location_A;28.52;75.6;1021.45;105.5;active
2024-02-08 14:00:00;SENSOR_005;Location_A;34.1;66.8;1018.2;75.2;active
2024-02-25 12:00:00;SENSOR_002;Location_C;29.41;71.4;1014.38;49.0;active
2024-01-20 08:00:00;SENSOR_006;Location_B;29.71;70.6;1012.36;112.4;active
2024-02-11 12:00:00;SENSOR_006;Location_B;36.42;57.3;1019.8;61.5;active
2024-02-10 18:00:00;SENSOR_006;Location_B;22.16;79.8;998.9;60.5;active
2024-01-02 00:00:00;SENSOR_001;Location_B;20.28;83.3;1004.55;30.9;active
2024-01-06 04:00:00;SENSOR_001;Location_B;19.26;;1015.65;67.9;active
2024-01-08 04:00:00;SENSOR_009;location_e;24.02;81.5;1007.13;22.7;active
2024-01-20 11:00:00;SENSOR_006;Location_B;30.69;71.9;1010.57;56.0;active
2024-02-26 22:00:00;SENSOR_005;Location_A;;86.9;1023.81;57.2;active
2024-02-11 17:00:00;SENSOR_009;Location_E;28.84;78.5;1002.83;87.6;active
2024-01-13 15:00:00;SENSOR_002;Location_C;30.57;67.9;1005.97;63.0;active
2024-01-02 05:00:00;SENSOR_010;Location_A;21.22;86.1;1012.01;65.7;active
2024-02-26 22:00:00;SENSOR_007;Location_C;21.62;76.7;1009.7;32.7;active
2024-01-19 05:00:00;SENSOR_003;Location_D;19.16;85.2;998.59;51.9;active
2024-01-12 07:00:00;SENSOR_003;Location_D;24.43;72.6;1023.89;42.5;active
2024-01-02 10:00:00;SENSOR_006;Location_B;31.16;67.3;1014.42;55.2;active
2024-01-08 11:00:00;SENSOR_006;Location_B;;68.2;1017.07;56.6;active
2024-02-29 22:00:00;SENSOR_003;Location_D;;100.0;1029.2;37.0;active
2024-02-26 20:00:00;SENSOR_010;Location_A;19.42;85.5;1019.86;43.0;active
2024-02-05 11:00:00;SENSOR_004;Location_E;106.8;62.9;1008.1;45.5;active
2024-01-08 01:00:00;SENSOR_004;Location_E;17.41;87.8;1014.87;61.1;active
2024-01-23 08:00:00;SENSOR_001;Location_B;25.04;85.0;1010.06;61.8;maintenance
2024-01-14 23:00:00;SENSOR_008;Location_D;19.35;77.9;1010.96;53.5;active
2024-01-09 02:00:00;SENSOR_006;location_b;14.84;99.7;1011.79;64.6;active
2024-01-03 14:00:00;SENSOR_007;Location_C;31.31;68.3;1018.67;68.6;active
2024-02-04 10:00:00;SENSOR_002;Location_C;32.66;65.8;1017.51;54.0;active
2024-01-31 18:00:00;SENSOR_003;Location_D;26.23;71.4;994.9;100.9;active
2024-01-17 00:00:00;SENSOR_001;location_b;17.01;86.6;1009.8;48.4;active
2024-01-17 04:00:00;SENSOR_009;Location_E;22.24;80.3;1011.96;64.1;active
2024-02-24 05:00:00;SENSOR_003;Location_D;21.02;82.5;1008.74;19.7;active
2024-02-02 07:00:00;SENSOR_005;Location_A;27.67;70.6;1017.97;80.4;active
2024-01-09 23:00:00;SENSOR_010;Location_A;15.8;97.5;1016.94;81.0;active
2024-01-26 11:00:00;SENSOR_006;Location_B;32.44;66.7;1008.07;29.0;active
2024-01-08 04:00:00;SENSOR_005;Location_A;22.62;85.9;1001.73;61.1;active
2024-01-08 11:00:00;SENSOR_010;Location_A;34.97;61.2;1024.75;49.4;active
2024-01-05 01:00:00;SENSOR_009;Location_E;17.25;93.4;1005.91;48.2;active
2024-01-02 15:00:00;SENSOR_007;Location_C;33.12;60.6;1019.96;38.4;active
2024-02-16 08:00:00;SENSOR_010;Location_A;27.32;76.6;1021.18;77.2;active
2024-01-17 17:00:00;SENSOR_003;Location_D;27.24;78.1;1021.72;85.3;active
2024-01-18 12:00:00;SENSOR_003;Location_D;32.94;69.7;1005.99;61.0;active
2024-02-15 17:00:00;SENSOR_002;Location_C;24.82;74.0;999.64;81.6;active
2024-01-21 17:00:00;SENSOR_002;Location_C;28.0;73.1;1009.58;113.6;active
2024-02-15 22:00:00;SENSOR_003;location_d;18.7;87.8;1014.03;62.5;active
2024-02-16 09:00:00;SENSOR_003;Location_D;28.12;82.8;1010.69;94.7;active
2024-02-07 04:00:00;SENSOR_009;Location_E;21.28;87.3;1016.31;57.0;active
2024-01-30 17:00:00;SENSOR_003;Location_D;27.69;68.2;1021.47;83.0;active
2024-02-13 14:00:00;SENSOR_010;location_a;33.47;72.5;1002.33;66.6;active
2024-02-25 04:00:00;SENSOR_006;Location_B;21.89;89.3;1015.64;56.2;active
2024-02-24 13:00:00;SENSOR_004;Location_E;30.24;63.1;1009.18;42.5;active
2024-01-15 15:00:00;SENSOR_004;Location_E;28.04;79.7;986.48;19.4;active
2024-01-21 10:00:00;SENSOR_009;Location_E;29.22;70.9;1025.81;36.2;active
2024-01-06 12:00:00;SENSOR_007;Location_C;31.23;67.0;1007.79;55.8;active
2024-01-09 18:00:00;SENSOR_002;Location_C;27.29;72.2;988.73;85.3;active
2024-01-15 23:00:00;SENSOR_002;Location_C;14.9;92.8;1003.88;65.6;active
2024-01-10 21:00:00;SENSOR_009;Location_E;21.56;77.9;1012.54;55.0;active
2024-02-12 22:00:00;SENSOR_002;location_c;19.43;93.2;1017.0;49.1;active
2024-01-04 16:00:00;SENSOR_008;Location_D;31.08;67.3;1027.35;65.4;active
2024-01-26 05:00:00;SENSOR_005;location_a;22.32;80.9;1002.07;48.3;active
2024-02-27 03:00:00;SENSOR_003;Location_D;23.62;81.5;1013.54;52.6;active
2024-01-12 19:00:00;SENSOR_006;Location_B;22.14;78.4;1021.55;104.9;active
2024-02-16 00:00:00;SENSOR_002;Location_C;19.09;82.4;1007.81;52.1;active
2024-01-29 02:00:00;SENSOR_005;Location_A;16.5;90.0;1004.56;45.9;active
2024-02-18 02:00:00;SENSOR_001;Location_B;12.82;88.3;1012.51;53.4;maintenance
2024-01-15 07:00:00;SENSOR_006;location_b;28.09;72.4;1000.39;81.1;active
2024-02-08 02:00:00;SENSOR_002;Location_C;20.05;92.7;1010.39;29.6;active
2024-01-26 06:00:00;SENSOR_010;Location_A;22.73;81.1;1003.48;40.6;active
2024-02-25 15:00:00;SENSOR_008;location_d;30.06;70.7;1010.51;59.8;active
2024-02-07 03:00:00;SENSOR_003;Location_D;16.18;88.3;1016.5;71.8;active
2024-01-04 18:00:00;SENSOR_009;Location_E;23.84;83.6;1009.69;67.7;active
2024-02-09 21:00:00;SENSOR_006;Location_B;22.33;75.4;1002.02;71.7;active
2024-02-15 01:00:00;SENSOR_003;Location_D;19.49;87.1;1007.88;53.4;active
2024-02-15 22:00:00;SENSOR_007;Location_C;15.39;95.7;1022.86;34.2;active
2024-02-12 22:00:00;SENSOR_009;Location_E;15.32;100.0;1004.39;59.4;active
2024-02-09 00:00:00;SENSOR_010;Location_A;15.14;84.0;1005.38;49.4;active
2024-02-01 03:00:00;SENSOR_004;Location_E;22.01;87.0;1005.35;19.4;active
2024-02-14 20:00:00;SENSOR_007;Location_C;23.84;80.8;1021.4;58.2;active
2024-02-09 23:00:00;SENSOR_004;Location_E;19.11;87.9;1021.88;41.9;active
2024-02-03 19:00:00;SENSOR_009;Location_E;22.42;80.8;1043.49;66.4;active
2024-02-17 22:00:00;SENSOR_004;Location_E;18.19;89.7;1016.38;36.8;active
2024-02-17 18:00:00;SENSOR_002;Location_C;24.13;76.9;1010.12;75.3;active
2024-01-30 16:00:00;SENSOR_009;Location_E;28.86;73.6;1008.61;56.1;active
2024-02-12 14:00:00;SENSOR_005;Location_A;34.66;56.4;1029.9;73.8;active
2024-01-18 02:00:00;SENSOR_005;Location_A;18.85;78.0;1025.28;31.3;active
2024-01-26 19:00:00;SENSOR_003;Location_D;24.2;86.0;1013.44;67.8;active
2024-02-23 09:00:00;SENSOR_006;Location_B;29.51;70.2;1015.3;96.2;active
2024-01-07 08:00:00;SENSOR_003;Location_D;30.87;57.5;1005.25;81.6;active
2024-02-27 23:00:00;SENSOR_002;Location_C;16.06;92.9;1006.38;71.6;active
2024-02-23 03:00:00;SENSOR_007;Location_C;20.24;74.9;1036.33;63.6;active
2024-02-08 18:00:00;SENSOR_004;location_e;23.89;80.6;1011.24;104.0;active
2024-01-06 17:00:00;SENSOR_005;location_a;30.53;75.6;1020.76;78.0;active
2024-02-20 04:00:00;SENSOR_003;Location_D;20.46;86.3;1015.89;51.9;active
2024-01-22 23:00:00;SENSOR_006;Location_B;15.2;80.8;1017.65;38.8;active
2024-01-17 06:00:00;SENSOR_006;location_b;27.37;69.2;1018.08;48.8;active
2024-02-01 03:00:00;SENSOR_006;Location_B;20.74;87.4;1012.55;7.3;active
2024-01-07 18:00:00;SENSOR_009;Location_E;;61.7;1011.26;59.0;active
2024-01-31 07:00:00;SENSOR_010;Location_A;23.89;69.2;1017.49;78.0;active
2024-02-16 00:00:00;SENSOR_005;Location_A;17.17;95.0;1023.25;55.3;active
2024-01-03 02:00:00;SENSOR_002;Location_C;16.27;85.0;1013.79;50.4;active
2024-01-14 19:00:00;SENSOR_003;location_d;21.83;84.9;1029.09;71.8;active
2024-02-20 04:00:00;SENSOR_008;Location_D;23.88;80.2;1023.76;34.1;active
2024-01-11 06:00:00;SENSOR_003;Location_D;23.84;82.1;1019.81;45.2;active
2024-01-02 20:00:00;SENSOR_002;Location_C;22.09;81.2;1005.58;51.1;active
2024-01-12 11:00:00;SENSOR_001;Location_B;35.45;68.7;1026.07;52.3;active
2024-02-03 12:00:00;SENSOR_009;Location_E;32.21;59.6;1014.44;37.4;active
2024-01-12 06:00:00;SENSOR_007;Location_C;27.92;76.4;1000.97;34.0;active
2024-02-13 00:00:00;SENSOR_006;Location_B;17.53;82.0;1019.62;77.9;active
2024-02-14 07:00:00;SENSOR_003;Location_D;27.58;76.3;998.91;88.5;active
2024-01-23 19:00:00;SENSOR_007;location_c;23.03;83.2;999.18;99.0;active
2024-01-10 05:00:00;SENSOR_009;Location_E;21.02;86.3;993.7;52.7;active
2024-01-19 18:00:00;SENSOR_010;Location_A;25.15;67.8;1009.58;97.4;active
2024-02-10 19:00:00;SENSOR_003;Location_D;22.03;89.9;1011.32;81.8;active
2024-02-20 16:00:00;SENSOR_002;Location_C;28.93;68.6;1021.52;26.6;active
2024-02-03 12:00:00;SENSOR_006;Location_B;35.96;61.3;1015.77;37.2;active
2024-01-08 03:00:00;SENSOR_010;Location_A;21.86;;1026.1;60.1;active
2024-01-21 12:00:00;SENSOR_002;Location_C;100.74;67.6;1015.3;84.1;active
2024-02-06 12:00:00;SENSOR_001;Location_B;36.36;61.8;1009.92;81.7;active
2024-01-05 23:00:00;SENSOR_005;location_a;17.8;83.5;1025.27;12.3;active
2024-02-06 18:00:00;SENSOR_007;Location_C;27.67;77.2;1012.33;88.3;active
2024-01-16 09:00:00;SENSOR_009;Location_E;27.96;70.6;1019.55;83.2;active
2024-01-10 06:00:00;SENSOR_002;Location_C;26.66;;1002.59;62.6;active
2024-02-26 17:00:00;SENSOR_001;Location_B;25.93;73.3;1017.16;72.6;active
2024-02-13 22:00:00;SENSOR_006;Location_B;15.26;81.9;998.44;31.8;active
2024-01-15 18:00:00;SENSOR_010;Location_A;25.75;73.3;1023.79;63.9;active
2024-01-04 11:00:00;SENSOR_003;location_d;34.72;55.7;1006.26;30.7;active
2024-01-18 01:00:00;SENSOR_006;Location_B;19.24;89.7;998.5;56.2;maintenance
2024-01-27 01:00:00;SENSOR_005;Location_A;18.56;79.6;1022.98;75.7;active
2024-02-07 23:00:00;SENSOR_003;Location_D;;100.0;1024.25;38.4;active
2024-02-01 20:00:00;SENSOR_007;Location_C;23.87;83.8;1008.31;27.4;active
2024-01-25 09:00:00;SENSOR_008;Location_D;30.95;71.9;1025.32;77.7;active
2024-01-03 02:00:00;SENSOR_003;Location_D;19.44;98.5;1003.64;27.6;active
2024-02-19 11:00:00;SENSOR_006;Location_B;33.66;57.1;1022.77;35.6;active
2024-01-18 11:00:00;SENSOR_006;Location_B;93.83;63.4;1016.54;56.7;active
2024-01-24 08:00:00;SENSOR_006;Location_B;28.48;77.0;1006.68;85.3;active
2024-01-01 06:00:00;SENSOR_008;Location_D;28.04;84.1;1016.28;42.7;active
2024-01-06 11:00:00;SENSOR_008;Location_D;33.67;63.8;1011.36;26.6;active
2024-02-10 13:00:00;SENSOR_001;Location_B;30.5;66.5;1017.62;69.2;active
2024-02-22 08:00:00;SENSOR_002;Location_C;29.36;65.8;1018.9;89.5;active
2024-01-15 01:00:00;SENSOR_008;Location_D;17.36;94.4;1013.76;52.7;active
2024-01-02 19:00:00;SENSOR_008;Location_D;24.88;76.4;1009.65;89.2;active
2024-01-13 22:00:00;SENSOR_007;location_c;16.91;88.6;1012.75;29.4;active
2024-01-17 20:00:00;SENSOR_004;Location_E;21.51;82.2;1033.96;54.7;active
2024-01-22 23:00:00;SENSOR_005;location_a;15.3;84.8;1026.79;64.1;active
2024-02-23 05:00:00;SENSOR_007;location_c;21.14;86.0;1005.57;27.6;active
2024-01-06 21:00:00;SENSOR_007;Location_C;18.17;86.5;997.99;60.2;active
2024-02-28 23:00:00;SENSOR_004;location_e;16.32;86.2;1007.32;50.3;active
2024-01-07 18:00:00;SENSOR_006;Location_B;23.15;82.0;1006.07;96.0;active
2024-02-24 22:00:00;SENSOR_002;Location_C;18.86;83.4;1000.39;41.6;active
2024-02-20 16:00:00;SENSOR_010;Location_A;26.47;82.7;1022.07;58.2;active
2024-02-03 16:00:00;SENSOR_003;Location_D;24.78;76.9;1002.82;55.0;active
2024-02-10 10:00:00;SENSOR_008;Location_D;95.27;71.1;997.38;41.4;active
2024-02-28 05:00:00;SENSOR_002;Location_C;23.54;84.3;1004.7;32.2;active
2024-01-04 07:00:00;SENSOR_003;Location_D;26.33;70.7;1004.72;84.8;active
2024-02-06 05:00:00;SENSOR_003;Location_D;23.29;84.7;1006.12;65.1;active
2024-01-16 00:00:00;SENSOR_008;Location_D;18.13;82.8;1025.62;53.2;active
2024-01-09 00:00:00;SENSOR_004;location_e;15.24;;1003.69;46.8;active
2024-02-16 07:00:00;SENSOR_010;Location_A;27.9;75.8;1011.91;48.2;active
2024-01-08 18:00:00;SENSOR_003;location_d;26.98;73.1;1018.2;92.5;active
2024-02-18 04:00:00;SENSOR_005;location_a;60.07;81.3;1021.64;32.0;active
2024-02-07 08:00:00;SENSOR_004;Location_E;26.14;71.2;1001.88;52.0;active
2024-02-08 17:00:00;SENSOR_009;Location_E;29.08;69.2;1007.57;76.5;active
2024-02-24 05:00:00;SENSOR_001;location_b;23.85;87.4;995.39;48.2;active
2024-01-09 23:00:00;SENSOR_001;Location_B;17.86;84.1;1031.57;47.0;active
2024-01-16 07:00:00;SENSOR_004;Location_E;27.17;80.8;1013.82;86.0;active
2024-01-09 22:00:00;SENSOR_005;Location_A;18.75;81.9;1015.77;36.8;active
2024-02-10 09:00:00;SENSOR_006;Location_B;30.61;68.2;1014.36;65.2;active
2024-02-29 17:00:00;SENSOR_007;Location_C;26.71;79.8;1020.47;71.6;active
2024-02-04 06:00:00;SENSOR_010;Location_A;23.62;76.8;998.91;60.1;active
2024-01-24 07:00:00;SENSOR_001;Location_B;28.9;70.1;1006.21;73.0;active
2024-02-05 07:00:00;SENSOR_003;Location_D;29.6;78.5;1025.76;72.7;active
2024-02-17 15:00:00;SENSOR_006;Location_B;30.1;73.9;1004.2;49.4;active
2024-01-13 20:00:00;SENSOR_005;Location_A;19.74;82.7;1026.67;52.6;active
2024-01-08 02:00:00;SENSOR_007;Location_C;14.09;100.0;1008.63;48.6;active
2024-01-19 02:00:00;SENSOR_006;Location_B;21.03;70.3;1003.96;41.2;active
2024-01-25 04:00:00;SENSOR_006;Location_B;21.2;78.1;1010.91;49.8;active
2024-01-26 20:00:00;SENSOR_007;location_c;22.27;79.8;1029.15;42.6;active
2024-01-27 23:00:00;SENSOR_006;Location_B;18.59;;1018.96;64.8;active
2024-02-11 06:00:00;SENSOR_007;Location_C;24.6;70.6;1027.3;53.1;active
2024-01-16 07:00:00;SENSOR_002;Location_C;28.68;81.8;1009.36;87.4;active
2024-01-12 13:00:00;SENSOR_008;Location_D;35.36;67.8;1012.37;70.9;active
2024-02-15 23:00:00;SENSOR_007;Location_C;11.17;100.0;1007.24;54.7;active
2024-02-01 19:00:00;SENSOR_007;Location_C;25.39;85.4;1019.53;86.2;active
2024-02-27 07:00:00;SENSOR_002;Location_C;25.79;73.4;1009.73;100.6;active
2024-01-18 07:00:00;SENSOR_008;Location_D;28.35;73.9;1019.48;93.4;active
2024-01-03 12:00:00;SENSOR_003;Location_D;30.99;63.7;1011.09;54.0;active
2024-02-28 16:00:00;SENSOR_004;location_e;26.99;66.5;1026.93;85.3;active
2024-01-30 02:00:00;SENSOR_010;Location_A;18.35;93.1;1000.04;39.1;active
2024-02-06 12:00:00;SENSOR_008;Location_D;32.59;70.9;1028.11;45.3;active
2024-02-11 01:00:00;SENSOR_005;Location_A;;83.4;999.05;70.5;active
2024-02-08 22:00:00;SENSOR_006;Location_B;14.14;86.3;1001.1;24.4;active
2024-01-24 09:00:00;SENSOR_001;Location_B;27.34;74.9;1018.5;111.2;active
2024-02-05 01:00:00;SENSOR_004;Location_E;21.78;78.4;1024.18;70.7;active
2024-02-10 20:00:00;SENSOR_003;Location_D;22.37;87.2;1001.78;42.5;active
2024-01-16 19:00:00;SENSOR_009;Location_E;22.41;82.3;1032.57;89.9;active
2024-02-19 15:00:00;SENSOR_001;Location_B;30.37;78.4;1002.57;57.0;active
2024-02-09 12:00:00;SENSOR_004;Location_E;31.22;71.9;1001.6;32.2;active
2024-01-17 11:00:00;SENSOR_001;location_b;30.16;68.7;994.72;31.0;active
2024-01-24 17:00:00;SENSOR_003;Location_D;30.84;73.8;1005.1;81.9;active
2024-02-19 08:00:00;SENSOR_010;Location_A;30.86;65.8;1001.15;76.3;active
2024-02-20 00:00:00;SENSOR_002;Location_C;18.04;76.9;1018.63;40.4;active
2024-01-10 18:00:00;SENSOR_001;Location_B;25.51;70.9;1001.93;81.6;active
2024-01-16 03:00:00;SENSOR_005;Location_A;18.35;91.3;997.41;42.2;active
2024-02-27 15:00:00;SENSOR_010;Location_A;30.4;72.7;995.55;54.5;active
2024-01-13 22:00:00;SENSOR_010;Location_A;18.43;83.1;998.8;35.4;active
2024-02-26 00:00:00;SENSOR_006;Location_B;19.54;86.4;1013.89;59.2;active
2024-01-01 04:00:00;SENSOR_002;Location_C;21.44;89.5;1006.06;29.7;active
2024-01-20 20:00:00;SENSOR_006;Location_B;21.36;86.8;1025.55;59.1;active
2024-02-08 17:00:00;SENSOR_006;Location_B;26.74;71.6;1011.41;63.7;active
2024-01-04 08:00:00;SENSOR_007;Location_C;31.08;61.4;1014.86;81.7;active
2024-01-12 18:00:00;SENSOR_001;Location_B;24.85;76.1;1002.17;73.8;active
2024-02-25 21:00:00;SENSOR_009;Location_E;14.11;96.8;1014.53;28.6;active
2024-01-11 19:00:00;SENSOR_010;location_a;24.83;82.8;1001.18;109.9;active
2024-02-17 23:00:00;SENSOR_006;Location_B;18.22;78.4;1012.01;51.7;active
2024-01-28 09:00:00;SENSOR_010;Location_A;34.49;67.6;1027.02;110.4;active
2024-02-24 07:00:00;SENSOR_004;Location_E;28.86;73.9;1016.7;49.3;active
2024-02-13 11:00:00;SENSOR_006;Location_B;31.8;66.8;1028.15;56.4;active
2024-02-26 07:00:00;SENSOR_007;location_c;30.03;65.7;1016.71;94.2;active
2024-02-10 14:00:00;SENSOR_010;Location_A;29.19;;1016.67;69.0;active
2024-01-18 12:00:00;SENSOR_004;location_e;33.29;63.0;1011.54;56.7;active
2024-02-04 05:00:00;SENSOR_009;Location_E;24.44;76.6;1009.51;41.3;active
2024-01-04 01:00:00;SENSOR_001;Location_B;22.47;82.4;1019.34;38.6;active
2024-02-16 02:00:00;SENSOR_010;Location_A;23.36;79.8;998.72;51.2;active
2024-02-07 02:00:00;SENSOR_006;Location_B;17.88;88.5;1010.74;49.6;active
2024-01-26 03:00:00;SENSOR_010;Location_A;19.46;89.0;1011.33;47.1;active
2024-01-18 15:00:00;SENSOR_007;Location_C;29.6;79.2;1022.36;91.3;active
2024-01-03 07:00:00;SENSOR_001;Location_B;28.66;74.6;1027.05;81.6;active
2024-02-01 04:00:00;SENSOR_006;Location_B;25.72;74.4;1026.73;64.6;active
2024-02-21 06:00:00;SENSOR_006;Location_B;23.82;81.7;1020.03;44.7;active
2024-02-08 04:00:00;SENSOR_008;Location_D;20.66;84.3;1035.31;50.0;active
2024-01-17 00:00:00;SENSOR_003;Location_D;21.0;78.3;1023.39;48.1;active
2024-02-26 08:00:00;SENSOR_003;Location_D;27.62;74.5;1009.22;55.6;active
2024-02-03 20:00:00;SENSOR_008;Location_D;21.51;87.3;1019.57;40.7;active
2024-01-02 14:00:00;SENSOR_008;Location_D;35.85;;1019.18;81.8;active
2024-01-31 23:00:00;SENSOR_010;Location_A;18.95;87.0;1018.18;51.1;active
2024-01-24 19:00:00;SENSOR_009;location_e;24.53;69.6;1012.51;96.8;active
2024-02-05 17:00:00;SENSOR_007;Location_C;31.01;56.9;1020.15;49.8;active
2024-01-09 14:00:00;SENSOR_010;Location_A;32.49;62.8;1015.53;36.8;active
2024-02-05 14:00:00;SENSOR_003;Location_D;31.81;76.8;1024.62;63.3;active
2024-01-05 13:00:00;SENSOR_006;Location_B;29.89;69.5;1018.14;41.7;active
2024-01-06 09:00:00;SENSOR_010;Location_A;;72.5;1000.61;70.0;active
2024-01-09 11:00:00;SENSOR_009;Location_E;;;1020.58;32.5;active
2024-02-04 11:00:00;SENSOR_005;Location_A;32.08;65.9;1010.78;40.2;active
2024-02-12 09:00:00;SENSOR_004;Location_E;28.93;73.4;1005.95;86.9;active
2024-01-05 21:00:00;SENSOR_008;Location_D;20.0;83.5;1024.82;24.0;active
2024-02-25 16:00:00;SENSOR_001;Location_B;30.22;65.3;997.65;34.2;active
2024-02-09 03:00:00;SENSOR_005;Location_A;;82.2;1009.66;60.8;active
2024-01-29 13:00:00;SENSOR_001;Location_B;26.65;;1010.34;38.4;active
2024-01-08 21:00:00;SENSOR_008;Location_D;19.57;90.0;1009.78;45.7;active
2024-02-19 15:00:00;SENSOR_008;Location_D;29.59;75.0;1005.19;39.4;active
2024-02-10 15:00:00;SENSOR_010;Location_A;34.36;73.4;1010.98;28.0;active
2024-01-20 22:00:00;SENSOR_008;Location_D;18.3;93.7;1003.36;58.9;active
2024-02-22 05:00:00;SENSOR_004;Location_E;19.22;93.4;1018.14;45.2;active
2024-02-12 15:00:00;SENSOR_004;Location_E;27.61;67.7;1009.49;52.6;active
2024-01-08 04:00:00;SENSOR_001;Location_B;;92.4;995.29;18.1;active
2024-02-10 02:00:00;SENSOR_007;Location_C;17.91;87.8;1018.43;46.6;maintenance
2024-02-01 12:00:00;SENSOR_002;Location_C;35.71;63.0;996.65;37.1;active
2024-02-13 02:00:00;SENSOR_008;location_d;16.64;92.6;1030.76;79.5;active
2024-02-12 19:00:00;SENSOR_007;Location_C;19.74;92.9;1002.32;94.8;active
2024-01-01 06:00:00;SENSOR_001;Location_B;27.17;69.9;1009.33;46.0;active
2024-01-26 10:00:00;SENSOR_006;Location_B;34.34;60.1;1005.6;22.4;active
2024-01-12 23:00:00;SENSOR_004;Location_E;20.56;82.9;1016.26;64.4;active
2024-01-21 06:00:00;SENSOR_010;Location_A;25.49;77.9;1022.43;78.9;active
2024-01-09 05:00:00;SENSOR_003;Location_D;;80.5;998.33;53.2;active
2024-01-22 16:00:00;SENSOR_005;Location_A;30.93;68.3;1014.16;44.0;active
2024-01-05 10:00:00;SENSOR_004;Location_E;31.38;70.1;1012.05;66.7;active
2024-02-18 07:00:00;SENSOR_005;Location_A;27.08;77.9;1015.77;72.3;active
2024-02-23 18:00:00;SENSOR_003;Location_D;74.1;80.1;1010.83;86.8;active
2024-01-18 21:00:00;SENSOR_003;location_d;19.76;83.8;1002.35;69.2;active
2024-01-09 15:00:00;SENSOR_003;Location_D;30.97;77.8;1005.6;64.5;active
2024-02-05 00:00:00;SENSOR_002;location_c;19.93;80.6;1012.2;83.1;active
2024-01-25 07:00:00;SENSOR_006;Location_B;26.56;;1009.84;67.3;active
2024-01-10 23:00:00;SENSOR_003;Location_D;19.2;95.4;1017.19;29.0;active
2024-02-10 20:00:00;SENSOR_004;Location_E;24.13;89.1;1006.71;39.5;active
2024-02-05 10:00:00;SENSOR_003;Location_D;31.85;73.3;1009.92;67.8;active
2024-01-27 12:00:00;SENSOR_008;Location_D;34.04;66.8;1008.77;35.1;active
2024-02-21 16:00:00;SENSOR_003;Location_D;27.31;73.5;1011.84;73.9;active
2024-01-11 19:00:00;SENSOR_008;Location_D;25.51;75.7;1021.96;85.6;active
2024-01-02 02:00:00;SENSOR_003;Location_D;19.61;90.8;1014.18;45.4;active
2024-02-26 07:00:00;SENSOR_005;Location_A;23.83;79.9;1011.94;71.2;active
2024-01-02 07:00:00;SENSOR_001;Location_B;25.45;76.5;1003.6;79.4;active
2024-01-22 00:00:00;SENSOR_004;Location_E;16.12;93.6;1014.18;50.6;active
2024-02-03 22:00:00;SENSOR_010;Location_A;17.08;;1014.64;38.7;active
2024-01-22 16:00:00;SENSOR_009;Location_E;33.18;63.5;1022.25;61.1;active
2024-02-05 20:00:00;SENSOR_010;Location_A;17.84;92.0;1011.64;44.7;active
2024-02-12 08:00:00;SENSOR_008;Location_D;31.63;62.1;1021.52;77.7;active
2024-02-01 12:00:00;SENSOR_001;Location_B;30.62;68.6;1002.26;44.7;active
2024-01-09 09:00:00;SENSOR_006;location_b;29.45;76.7;1011.68;74.8;active
2024-01-16 23:00:00;SENSOR_006;Location_B;17.9;88.1;1009.24;54.9;active
2024-02-15 19:00:00;SENSOR_007;Location_C;21.25;81.0;1003.69;67.3;active
2024-02-27 02:00:00;SENSOR_003;Location_D;16.36;94.8;1022.44;35.6;active
2024-02-23 05:00:00;SENSOR_005;Location_A;23.91;81.8;1007.65;19.9;active
2024-01-28 07:00:00;SENSOR_006;Location_B;24.89;75.3;1021.74;104.4;active
2024-01-17 02:00:00;SENSOR_008;Location_D;15.06;85.1;992.38;32.5;active
2024-01-31 07:00:00;SENSOR_001;Location_B;26.5;80.3;1005.26;68.6;active
2024-02-26 22:00:00;SENSOR_009;Location_E;19.75;84.0;999.83;47.3;active
2024-02-02 20:00:00;SENSOR_004;Location_E;21.47;87.7;998.76;64.3;active
2024-01-19 17:00:00;SENSOR_002;location_c;27.67;66.5;1034.72;89.8;active
2024-01-15 12:00:00;SENSOR_009;Location_E;35.95;66.1;1026.44;37.6;active
2024-01-04 21:00:00;SENSOR_010;Location_A;20.32;86.3;1006.27;25.7;active
2024-02-13 17:00:00;SENSOR_009;Location_E;28.59;69.3;1030.11;73.1;active
2024-02-04 01:00:00;SENSOR_003;Location_D;18.74;89.5;1010.22;72.7;active
2024-01-13 07:00:00;SENSOR_010;Location_A;29.46;76.8;1029.69;118.5;active
2024-02-06 18:00:00;SENSOR_002;Location_C;24.48;78.8;1016.9;55.4;active
2024-01-05 12:00:00;SENSOR_007;Location_C;35.84;57.2;1008.71;49.5;active
2024-02-17 14:00:00;SENSOR_005;Location_A;34.35;59.0;1002.24;38.5;active
2024-01-17 15:00:00;SENSOR_009;Location_E;31.39;81.1;999.56;37.7;active
2024-01-18 04:00:00;SENSOR_006;Location_B;18.38;84.1;986.26;74.1;active
2024-01-30 22:00:00;SENSOR_008;Location_D;20.27;79.7;1022.46;71.6;active
2024-02-24 04:00:00;SENSOR_006;Location_B;19.66;92.6;1009.97;51.3;active
2024-02-03 19:00:00;SENSOR_010;Location_A;19.94;86.0;1011.29;75.3;active
2024-01-12 05:00:00;SENSOR_009;Location_E;23.18;81.5;1023.17;71.1;active
2024-01-05 17:00:00;SENSOR_003;Location_D;25.1;86.6;1005.32;85.4;active
2024-01-07 01:00:00;SENSOR_001;location_b;14.79;93.1;1012.35;78.0;active
2024-02-29 01:00:00;SENSOR_009;Location_E;13.47;97.8;997.86;77.8;active
2024-02-03 18:00:00;SENSOR_009;Location_E;25.75;79.4;1028.79;97.0;active
2024-02-13 21:00:00;SENSOR_010;Location_A;22.28;76.9;1009.35;49.7;active
2024-01-14 16:00:00;SENSOR_002;Location_C;29.81;62.9;1012.75;55.1;active
2024-01-08 15:00:00;SENSOR_010;Location_A;23.47;81.9;1003.8;46.1;maintenance
2024-02-12 20:00:00;SENSOR_009;Location_E;20.58;82.8;1012.12;52.9;active
2024-01-28 07:00:00;SENSOR_002;Location_C;25.88;74.4;1007.75;81.2;active
2024-02-04 22:00:00;SENSOR_007;Location_C;15.26;95.0;999.68;43.6;active
2024-01-08 18:00:00;SENSOR_005;Location_A;25.41;64.5;996.07;85.5;active
2024-02-13 00:00:00;SENSOR_001;Location_B;18.57;;1023.84;49.9;active
2024-02-02 21:00:00;SENSOR_003;Location_D;17.27;94.5;998.48;62.6;active
2024-02-15 19:00:00;SENSOR_008;Location_D;23.8;86.1;1031.29;67.1;active
2024-01-29 19:00:00;SENSOR_002;Location_C;20.63;86.2;1006.16;85.9;active
2024-01-18 21:00:00;SENSOR_006;Location_B;18.4;86.5;1014.83;59.3;active
2024-01-03 00:00:00;SENSOR_002;Location_C;19.58;88.8;1002.52;43.6;active
2024-01-31 01:00:00;SENSOR_006;Location_B;19.29;85.5;1011.69;44.9;active
2024-01-23 21:00:00;SENSOR_005;Location_A;21.04;76.2;1019.61;13.6;active
2024-01-16 10:00:00;SENSOR_001;Location_B;;68.0;1009.2;12.9;active
2024-02-04 14:00:00;SENSOR_010;location_a;31.66;71.1;1007.93;81.1;active
2024-02-24 07:00:00;SENSOR_001;Location_B;25.11;78.1;1019.84;101.0;active
2024-02-27 00:00:00;SENSOR_004;Location_E;15.71;98.2;1025.24;36.2;active
2024-02-01 13:00:00;SENSOR_008;Location_D;30.98;66.2;1005.3;16.6;active
2024-01-12 22:00:00;SENSOR_008;Location_D;21.03;94.5;1006.14;56.6;active
2024-02-06 23:00:00;SENSOR_007;Location_C;18.15;87.5;1010.45;42.9;active
2024-02-24 16:00:00;SENSOR_008;Location_D;27.62;78.4;1000.67;33.4;active
2024-02-05 23:00:00;SENSOR_010;Location_A;20.24;74.2;1012.19;41.1;active
2024-02-26 02:00:00;SENSOR_001;Location_B;20.71;82.9;1020.14;45.7;active
2024-02-15 15:00:00;SENSOR_006;Location_B;;68.7;1024.08;70.4;active
2024-02-19 09:00:00;SENSOR_010;Location_A;30.03;77.2;1018.91;72.8;active
2024-02-06 06:00:00;SENSOR_002;Location_C;25.54;77.9;1017.03;53.3;active
2024-01-19 16:00:00;SENSOR_002;Location_C;29.63;69.3;1015.0;55.8;active
2024-01-24 23:00:00;SENSOR_006;Location_B;18.73;84.8;1011.83;30.6;active
2024-01-01 20:00:00;SENSOR_005;Location_A;21.56;81.0;1041.83;60.3;active
2024-01-28 19:00:00;SENSOR_001;Location_B;21.69;74.9;1003.59;79.5;active
2024-01-02 16:00:00;SENSOR_008;Location_D;30.63;66.8;1012.85;61.5;active
2024-02-03 23:00:00;SENSOR_006;Location_B;16.43;92.5;1014.44;59.7;active
2024-02-09 06:00:00;SENSOR_010;Location_A;22.97;91.0;1005.27;42.1;active
2024-01-24 03:00:00;SENSOR_007;Location_C;21.8;84.8;1024.23;54.6;active
2024-01-14 22:00:00;SENSOR_002;Location_C;16.14;91.0;1011.31;25.9;active
2024-02-18 13:00:00;SENSOR_009;Location_E;33.83;63.9;1019.06;51.7;active
2024-02-26 13:00:00;SENSOR_002;Location_C;32.83;70.7;1015.74;47.8;active
2024-02-07 08:00:00;SENSOR_007;Location_C;26.65;72.9;1012.9;101.3;active
2024-01-05 10:00:00;SENSOR_005;Location_A;35.1;;1021.37;45.6;active
2024-01-22 20:00:00;SENSOR_006;Location_B;21.29;83.0;1017.3;57.6;active
2024-01-05 03:00:00;SENSOR_007;location_c;17.31;80.6;1013.65;58.6;active
2024-01-22 11:00:00;SENSOR_003;Location_D;29.35;68.6;1012.33;42.0;active
2024-02-09 07:00:00;SENSOR_005;Location_A;26.3;74.2;1007.6;97.9;active
2024-02-25 21:00:00;SENSOR_010;Location_A;18.7;92.4;1011.91;51.6;active
2024-02-10 03:00:00;SENSOR_006;location_b;19.27;83.3;1024.35;33.1;active
2024-01-11 14:00:00;SENSOR_005;Location_A;28.76;75.2;1016.35;42.0;active
2024-01-31 21:00:00;SENSOR_010;Location_A;20.09;86.3;1009.74;56.8;active
2024-02-05 04:00:00;SENSOR_003;Location_D;20.94;76.0;1011.56;76.8;active
2024-01-22 09:00:00;SENSOR_001;Location_B;31.48;60.5;1008.29;89.7;active
2024-01-12 20:00:00;SENSOR_001;Location_B;18.84;82.9;1004.84;53.2;active
2024-02-07 12:00:00;SENSOR_004;Location_E;34.8;58.3;1021.27;49.5;active
2024-01-11 17:00:00;SENSOR_008;Location_D;28.35;75.8;1019.17;97.9;active
2024-02-08 14:00:00;SENSOR_009;location_e;33.72;68.9;1011.91;51.5;active
2024-02-13 14:00:00;SENSOR_004;Location_E;32.6;70.9;1007.1;28.6;active
2024-02-02 05:00:00;SENSOR_008;Location_D;23.14;80.1;1024.48;75.6;active
2024-01-26 01:00:00;SENSOR_002;Location_C;15.91;86.7;1007.76;40.0;active
2024-02-05 01:00:00;SENSOR_008;Location_D;17.25;87.3;1003.73;43.3;active
2024-01-02 22:00:00;SENSOR_007;Location_C;16.68;82.5;1013.86;51.1;active
2024-02-27 04:00:00;SENSOR_004;Location_E;20.12;86.0;990.44;46.8;active
2024-02-06 08:00:00;SENSOR_002;Location_C;29.57;82.8;1014.81;84.0;active
2024-01-23 17:00:00;SENSOR_006;Location_B;26.76;70.5;1022.13;81.8;active
2024-01-14 20:00:00;SENSOR_009;Location_E;21.68;79.9;997.21;83.1;active
2024-01-26 00:00:00;SENSOR_008;Location_D;14.37;100.0;1001.02;50.1;active
2024-01-01 05:00:00;SENSOR_009;Location_E;21.37;81.5;1020.63;62.8;active
2024-02-09 23:00:00;SENSOR_003;Location_D;19.45;87.7;1023.63;45.2;maintenance
2024-02-10 11:00:00;SENSOR_008;Location_D;33.08;56.0;1013.45;37.6;active
2024-01-01 09:00:00;SENSOR_001;Location_B;29.89;71.3;1005.97;64.8;active
2024-02-21 11:00:00;SENSOR_009;Location_E;33.34;62.8;1031.75;52.6;active
2024-02-17 16:00:00;SENSOR_009;Location_E;30.38;68.9;1014.5;73.0;active
2024-01-03 21:00:00;SENSOR_010;Location_A;20.65;79.4;1021.59;36.2;active
2024-02-14 03:00:00;SENSOR_009;Location_E;19.76;95.4;1008.75;48.2;active
2024-01-22 09:00:00;SENSOR_009;Location_E;30.4;65.5;1007.57;83.8;active
2024-01-01 05:00:00;SENSOR_010;Location_A;19.68;96.7;1015.46;29.8;active
2024-02-25 07:00:00;SENSOR_009;Location_E;29.47;71.1;1007.21;80.5;active
2024-02-24 09:00:00;SENSOR_008;Location_D;30.5;70.8;1017.57;72.1;active
2024-02-18 08:00:00;SENSOR_006;Location_B;30.82;67.1;1010.65;68.8;active
2024-02-28 23:00:00;SENSOR_003;Location_D;14.79;96.4;1026.45;68.2;active
2024-02-22 09:00:00;SENSOR_006;Location_B;28.65;71.8;1014.34;75.7;active
2024-01-01 18:00:00;SENSOR_002;Location_C;27.95;67.8;1011.38;67.6;active
2024-02-12 06:00:00;SENSOR_002;Location_C;22.56;81.5;1017.02;61.6;active
2024-01-23 04:00:00;SENSOR_001;location_b;18.73;81.6;1020.46;66.5;active
2024-02-15 15:00:00;SENSOR_007;Location_C;33.1;60.6;1030.53;69.9;active
2024-02-06 17:00:00;SENSOR_007;Location_C;22.04;74.7;1022.0;63.5;active
2024-02-19 22:00:00;SENSOR_002;Location_C;15.71;;1021.16;31.1;active
2024-02-01 01:00:00;SENSOR_008;Location_D;16.08;92.6;1000.98;67.8;active
2024-02-04 09:00:00;SENSOR_007;Location_C;30.71;59.8;1018.09;67.5;active
2024-02-28 06:00:00;SENSOR_003;Location_D;22.14;82.1;1041.96;59.5;active
2024-02-04 17:00:00;SENSOR_004;location_e;26.34;79.0;1005.36;97.5;active
2024-01-23 10:00:00;SENSOR_005;Location_A;30.8;;1004.51;71.1;active
2024-02-27 21:00:00;SENSOR_001;Location_B;17.77;81.5;1020.98;53.4;active
2024-02-23 07:00:00;SENSOR_009;Location_E;27.7;76.8;1017.11;88.8;active
2024-01-31 09:00:00;SENSOR_002;Location_C;32.96;72.8;1009.07;74.1;active
2024-02-12 15:00:00;SENSOR_005;Location_A;29.58;72.3;995.36;62.1;active
2024-02-10 03:00:00;SENSOR_004;Location_E;18.38;86.7;1020.31;88.5;active
2024-01-28 22:00:00;SENSOR_009;Location_E;14.8;95.0;1013.89;56.6;active
2024-01-23 16:00:00;SENSOR_010;Location_A;27.26;65.7;1026.13;35.4;active
2024-01-19 04:00:00;SENSOR_010;Location_A;21.85;85.5;1012.96;62.9;active
2024-02-27 05:00:00;SENSOR_005;Location_A;24.86;79.4;1007.08;69.0;active
2024-02-28 01:00:00;SENSOR_008;Location_D;17.56;86.0;1011.93;58.6;active
2024-01-08 11:00:00;SENSOR_009;Location_E;33.25;69.2;1015.28;60.5;active
2024-01-15 17:00:00;SENSOR_002;Location_C;28.97;69.2;1026.07;81.2;active
2024-02-16 11:00:00;SENSOR_004;location_e;32.24;64.8;1018.0;64.3;active
2024-02-19 02:00:00;SENSOR_007;Location_C;17.42;87.8;1012.64;62.2;active
2024-02-05 16:00:00;SENSOR_008;Location_D;30.98;75.4;1004.91;30.0;active
2024-02-14 21:00:00;SENSOR_007;Location_C;21.36;81.9;998.21;46.4;active
2024-02-15 03:00:00;SENSOR_006;Location_B;;76.5;1012.23;13.7;active
2024-02-06 23:00:00;SENSOR_006;Location_B;18.19;89.7;1036.12;46.4;active
2024-02-28 03:00:00;SENSOR_008;Location_D;14.0;91.7;1021.8;53.7;active
2024-01-17 14:00:00;SENSOR_004;Location_E;29.75;75.9;1003.04;52.6;active
2024-01-12 21:00:00;SENSOR_008;Location_D;15.96;98.7;1027.74;56.3;active
2024-02-02 20:00:00;SENSOR_005;Location_A;22.61;70.0;1009.34;40.5;active
2024-02-08 11:00:00;SENSOR_004;Location_E;33.98;63.7;1017.73;62.2;active
2024-02-28 22:00:00;SENSOR_010;Location_A;18.47;;1014.5;63.9;active
2024-01-29 04:00:00;SENSOR_008;Location_D;16.25;87.9;1012.02;85.5;active
2024-01-16 06:00:00;SENSOR_006;Location_B;24.83;75.3;1015.71;61.2;active
2024-01-23 03:00:00;SENSOR_004;Location_E;18.04;97.7;1011.16;58.3;active
2024-02-19 11:00:00;SENSOR_004;Location_E;29.47;60.9;1003.52;49.9;active
2024-01-21 08:00:00;SENSOR_002;Location_C;30.8;70.3;1016.18;83.9;active
2024-02-09 08:00:00;SENSOR_009;Location_E;30.24;66.3;1013.88;109.1;active
2024-02-08 11:00:00;SENSOR_001;Location_B;35.54;56.4;992.48;49.7;active
2024-01-14 11:00:00;SENSOR_002;Location_C;32.96;67.5;1026.53;58.4;active
2024-02-28 16:00:00;SENSOR_010;Location_A;28.25;68.2;1001.07;53.8;active
2024-02-27 04:00:00;SENSOR_002;Location_C;19.73;88.3;1008.25;24.9;active
2024-01-21 07:00:00;SENSOR_004;Location_E;23.8;78.5;1017.46;88.8;active
2024-02-11 04:00:00;SENSOR_007;Location_C;20.45;69.9;1013.72;44.3;active
2024-01-20 14:00:00;SENSOR_001;Location_B;30.44;66.0;1013.26;90.7;active
2024-02-15 08:00:00;SENSOR_001;Location_B;27.52;77.0;1033.2;67.1;active
2024-02-28 19:00:00;SENSOR_009;Location_E;22.16;79.7;1010.41;86.1;active
2024-01-27 09:00:00;SENSOR_006;Location_B;28.25;73.8;1023.23;78.8;active
2024-02-07 21:00:00;SENSOR_010;location_a;14.51;96.0;995.97;46.3;active
2024-01-05 21:00:00;SENSOR_001;Location_B;20.4;83.3;1018.67;55.7;active
2024-01-18 08:00:00;SENSOR_008;Location_D;27.89;68.8;1007.59;65.2;active
2024-01-25 14:00:00;SENSOR_005;Location_A;33.17;56.7;1029.09;68.0;active
2024-01-29 00:00:00;SENSOR_003;Location_D;14.85;98.9;1008.28;37.2;active
2024-01-30 09:00:00;SENSOR_009;Location_E;28.7;72.1;999.5;83.6;active
2024-01-08 07:00:00;SENSOR_007;Location_C;27.1;72.2;1002.3;84.4;active
2024-02-27 19:00:00;SENSOR_005;Location_A;26.8;81.8;1002.66;79.9;active
2024-02-04 08:00:00;SENSOR_003;Location_D;25.1;79.0;1014.45;60.5;active
2024-01-19 11:00:00;SENSOR_005;Location_A;28.65;56.9;994.01;42.8;active
2024-01-08 10:00:00;SENSOR_009;Location_E;32.8;74.7;1010.37;49.5;active
2024-01-19 00:00:00;SENSOR_010;Location_A;17.47;84.2;1008.74;42.0;active
2024-02-10 09:00:00;SENSOR_009;Location_E;30.58;63.9;1029.08;87.6;active
2024-01-27 00:00:00;SENSOR_009;Location_E;18.86;85.3;1032.97;49.3;active
2024-01-31 14:00:00;SENSOR_010;Location_A;30.37;67.1;1016.49;68.2;active
2024-01-04 01:00:00;SENSOR_009;Location_E;18.41;86.8;1018.04;42.9;active
2024-01-28 14:00:00;SENSOR_009;Location_E;31.71;75.8;1025.75;49.2;active
2024-02-05 03:00:00;SENSOR_004;Location_E;18.03;91.1;1035.08;56.4;active
2024-01-12 20:00:00;SENSOR_002;Location_C;20.44;83.5;1012.74;41.0;active
2024-01-10 19:00:00;SENSOR_005;Location_A;22.29;79.7;1005.38;66.0;active
2024-01-07 12:00:00;SENSOR_001;location_b;31.01;72.7;1024.05;36.2;active
2024-02-18 16:00:00;SENSOR_010;Location_A;27.77;76.0;1013.05;50.6;active
2024-01-21 18:00:00;SENSOR_007;Location_C;27.51;74.0;1014.0;92.8;active
2024-01-11 19:00:00;SENSOR_009;Location_E;23.1;78.2;1010.42;93.6;active
2024-01-24 11:00:00;SENSOR_010;Location_A;28.04;62.2;1031.87;53.8;active
2024-02-01 22:00:00;SENSOR_008;Location_D;17.19;100.0;1019.46;6.1;active
2024-02-20 18:00:00;SENSOR_005;Location_A;26.01;77.1;1013.85;77.6;active
2024-01-30 04:00:00;SENSOR_008;Location_D;19.16;77.3;1006.62;25.2;active
2024-01-25 10:00:00;SENSOR_009;Location_E;31.58;58.7;997.52;57.0;active
2024-02-09 05:00:00;SENSOR_007;Location_C;26.85;83.9;1021.7;43.8;active
2024-02-23 02:00:00;SENSOR_010;Location_A;18.6;77.9;1008.69;45.4;active
2024-02-17 16:00:00;SENSOR_003;Location_D;30.64;53.5;1008.13;59.0;active
2024-02-12 22:00:00;SENSOR_001;Location_B;21.11;80.7;1011.54;68.0;active
2024-01-18 02:00:00;SENSOR_007;Location_C;17.76;78.5;1006.28;21.7;active
2024-01-09 10:00:00;SENSOR_006;Location_B;30.73;66.4;1012.34;32.7;active
2024-01-15 08:00:00;SENSOR_010;Location_A;30.39;73.1;1031.53;33.2;active
2024-01-31 10:00:00;SENSOR_004;Location_E;34.08;66.0;1006.01;67.6;active
2024-01-16 16:00:00;SENSOR_009;Location_E;27.94;75.9;1009.66;42.7;active
2024-01-14 06:00:00;SENSOR_008;Location_D;26.77;79.3;1005.95;52.4;active
2024-02-17 02:00:00;SENSOR_002;Location_C;17.63;90.5;989.57;36.2;active
2024-02-05 00:00:00;SENSOR_001;Location_B;17.16;97.5;1024.4;33.3;active
2024-02-18 23:00:00;SENSOR_006;Location_B;19.54;98.8;1019.05;63.5;active
2024-02-18 18:00:00;SENSOR_008;location_d;23.43;76.9;1013.84;98.5;active
2024-01-22 00:00:00;SENSOR_009;Location_E;19.09;91.5;1007.63;26.1;active
2024-01-04 19:00:00;SENSOR_005;Location_A;;73.3;1027.47;55.7;active
2024-02-29 06:00:00;SENSOR_004;location_e;24.76;82.7;1019.14;40.5;active
2024-01-16 16:00:00;SENSOR_003;Location_D;30.94;63.3;1010.46;48.8;active
2024-01-12 21:00:00;SENSOR_006;Location_B;20.56;89.2;1011.14;33.1;active
2024-02-13 14:00:00;SENSOR_002;Location_C;30.23;66.1;1008.52;78.0;active
2024-01-01 07:00:00;SENSOR_006;location_b;23.72;78.3;1017.71;83.8;active
2024-02-11 17:00:00;SENSOR_006;Location_B;30.35;73.3;1000.3;70.3;active
2024-02-09 03:00:00;SENSOR_008;Location_D;22.0;81.1;1020.16;75.3;active
2024-02-25 08:00:00;SENSOR_005;Location_A;30.35;64.6;1002.62;68.0;active
2024-01-09 19:00:00;SENSOR_002;location_c;24.08;81.8;1006.71;87.9;active
2024-01-23 19:00:00;SENSOR_001;Location_B;22.87;77.6;1025.71;65.5;active
2024-02-14 10:00:00;SENSOR_008;Location_D;32.15;59.1;1011.29;64.3;active
2024-01-19 04:00:00;SENSOR_005;Location_A;17.81;90.3;1019.98;30.7;active
2024-02-12 09:00:00;SENSOR_005;Location_A;30.82;70.9;1010.64;107.5;active
2024-02-26 07:00:00;SENSOR_009;Location_E;28.92;65.6;1013.64;87.1;active
2024-02-05 20:00:00;SENSOR_006;Location_B;22.8;83.4;1019.73;40.1;active
2024-01-16 19:00:00;SENSOR_008;Location_D;22.63;81.3;1018.02;84.6;active
2024-01-17 00:00:00;SENSOR_008;Location_D;19.24;85.2;1013.55;25.6;active
2024-01-19 06:00:00;SENSOR_009;location_e;23.38;91.2;1008.43;45.1;active
2024-01-12 17:00:00;SENSOR_009;Location_E;31.91;65.0;1035.13;103.1;active
2024-02-16 10:00:00;SENSOR_002;Location_C;33.87;64.6;1014.11;78.0;active
2024-01-07 10:00:00;SENSOR_008;Location_D;30.6;72.8;1004.85;55.8;active
2024-01-17 19:00:00;SENSOR_007;Location_C;21.17;83.5;1030.02;68.6;active
2024-02-25 06:00:00;SENSOR_001;Location_B;23.13;73.4;1010.08;59.5;active
2024-01-02 23:00:00;SENSOR_002;Location_C;18.4;95.0;1025.72;43.5;active
2024-02-18 08:00:00;SENSOR_001;location_b;28.19;69.7;1011.38;75.7;active
2024-01-11 06:00:00;SENSOR_006;Location_B;23.64;;1027.56;38.9;active
2024-01-06 11:00:00;SENSOR_003;Location_D;30.99;74.2;1007.86;34.1;active
2024-01-10 07:00:00;SENSOR_008;Location_D;25.17;76.5;1007.28;71.4;active
2024-01-11 14:00:00;SENSOR_004;Location_E;27.01;75.3;1036.93;42.5;active
2024-01-29 11:00:00;SENSOR_005;Location_A;33.75;63.6;1022.9;45.7;active
2024-01-31 05:00:00;SENSOR_008;Location_D;25.87;73.0;1015.53;54.9;active
2024-02-08 20:00:00;SENSOR_006;Location_B;21.68;76.8;1015.78;89.0;active
2024-01-14 18:00:00;SENSOR_002;Location_C;24.06;78.1;1004.77;107.7;active
2024-02-24 23:00:00;SENSOR_005;Location_A;17.99;82.8;1015.46;70.6;active
2024-02-10 23:00:00;SENSOR_004;Location_E;15.69;92.5;1008.11;36.0;active
2024-01-26 00:00:00;SENSOR_005;Location_A;16.23;77.7;1014.27;14.8;active
2024-01-10 16:00:00;SENSOR_009;Location_E;30.66;73.2;1025.16;54.4;active
2024-02-05 03:00:00;SENSOR_009;Location_E;19.59;;1011.44;60.9;active
2024-02-13 17:00:00;SENSOR_008;Location_D;26.64;68.2;1020.9;61.2;active
2024-02-01 14:00:00;SENSOR_004;Location_E;32.6;68.0;1008.07;52.1;active
2024-02-07 16:00:00;SENSOR_007;Location_C;31.03;69.3;1006.74;57.5;active
2024-01-09 05:00:00;SENSOR_001;Location_B;27.94;83.7;1018.87;48.0;active
2024-02-01 14:00:00;SENSOR_007;Location_C;32.12;62.0;1023.14;49.9;active
2024-01-10 18:00:00;SENSOR_008;Location_D;26.79;72.2;1015.85;74.7;active
2024-02-16 09:00:00;SENSOR_008;location_d;29.11;68.7;1019.55;88.4;active
2024-02-01 20:00:00;SENSOR_009;Location_E;16.68;88.1;1009.49;42.3;active
2024-01-13 12:00:00;SENSOR_002;Location_C;31.64;65.3;1024.98;62.8;active
2024-02-16 00:00:00;SENSOR_009;location_e;15.31;95.8;1030.53;54.5;active
2024-01-29 01:00:00;SENSOR_005;Location_A;19.41;89.7;1008.39;52.2;active
2024-02-17 23:00:00;SENSOR_010;Location_A;16.43;91.4;1006.03;66.0;active
2024-01-18 02:00:00;SENSOR_002;location_c;18.61;78.2;1019.0;44.2;active
2024-02-13 07:00:00;SENSOR_002;Location_C;28.32;74.1;1006.28;102.1;active
2024-01-04 10:00:00;SENSOR_002;Location_C;30.62;61.5;1016.92;53.1;active
2024-01-06 20:00:00;SENSOR_002;Location_C;22.18;75.6;1013.63;76.2;active
2024-01-02 17:00:00;SENSOR_003;Location_D;25.42;86.3;1012.75;87.0;active
2024-02-03 23:00:00;SENSOR_010;Location_A;18.62;80.5;1007.12;70.0;active
2024-02-10 15:00:00;SENSOR_004;Location_E;31.7;66.1;1028.1;59.0;active
2024-02-27 00:00:00;SENSOR_008;Location_D;17.52;;1013.29;57.3;active
2024-01-19 13:00:00;SENSOR_005;Location_A;30.68;67.4;1017.18;59.9;active
2024-01-08 05:00:00;SENSOR_007;Location_C;23.8;72.9;1026.53;26.6;active
2024-01-19 19:00:00;SENSOR_006;Location_B;23.91;77.0;1018.2;83.8;active
2024-01-08 12:00:00;SENSOR_007;location_c;33.65;60.8;1021.87;45.1;active
2024-02-09 09:00:00;SENSOR_005;Location_A;29.44;68.9;1011.66;77.9;active
2024-01-28 09:00:00;SENSOR_009;Location_E;33.0;59.4;1012.22;93.1;active
2024-02-04 00:00:00;SENSOR_005;Location_A;16.56;;1013.69;59.6;active
2024-01-04 09:00:00;SENSOR_009;Location_E;33.04;59.2;1033.85;68.6;active
2024-02-03 04:00:00;SENSOR_003;location_d;21.51;76.7;1005.94;54.4;active
2024-02-10 00:00:00;SENSOR_006;Location_B;15.4;95.3;1020.48;38.8;active
2024-01-23 22:00:00;SENSOR_002;Location_C;16.06;94.7;1009.52;36.9;active
2024-01-27 13:00:00;SENSOR_007;Location_C;29.62;69.9;1010.02;49.4;active
2024-01-13 18:00:00;SENSOR_002;location_c;24.04;75.5;1006.22;43.9;active
2024-01-06 04:00:00;SENSOR_010;Location_A;20.94;;1014.3;48.5;active
2024-02-18 15:00:00;SENSOR_002;Location_C;29.05;73.9;1020.66;46.9;active
2024-02-16 12:00:00;SENSOR_010;Location_A;33.5;59.3;1031.09;49.7;active
2024-02-13 16:00:00;SENSOR_010;Location_A;30.12;70.7;1027.96;46.3;active
2024-02-20 07:00:00;SENSOR_009;Location_E;22.64;79.5;1021.18;71.8;active
2024-01-19 19:00:00;SENSOR_002;Location_C;22.02;78.9;1000.42;98.2;active
2024-01-02 05:00:00;SENSOR_007;Location_C;23.59;;1015.37;49.8;active
2024-02-09 15:00:00;SENSOR_001;location_b;31.2;77.4;1021.93;39.5;active
2024-01-15 00:00:00;SENSOR_009;Location_E;;83.1;994.87;34.1;active
2024-01-16 05:00:00;SENSOR_008;Location_D;24.88;84.5;1025.17;44.3;active
2024-01-04 08:00:00;SENSOR_002;Location_C;31.8;71.4;1020.58;80.5;active
2024-02-13 13:00:00;SENSOR_001;Location_B;32.62;69.6;1004.66;49.7;active
2024-02-03 01:00:00;SENSOR_007;Location_C;56.31;84.2;1009.49;56.0;active
2024-02-08 21:00:00;SENSOR_007;Location_C;19.43;85.5;1001.34;34.2;active
2024-02-08 22:00:00;SENSOR_007;Location_C;19.04;87.8;1024.56;15.1;active
2024-02-29 15:00:00;SENSOR_005;Location_A;28.95;75.5;988.67;43.8;active
2024-01-31 19:00:00;SENSOR_004;location_e;21.05;84.6;1031.37;91.1;active
2024-02-18 09:00:00;SENSOR_007;Location_C;31.17;61.7;1032.08;69.0;active
2024-02-13 07:00:00;SENSOR_003;Location_D;28.88;84.0;1006.88;56.4;active
2024-02-07 04:00:00;SENSOR_010;Location_A;20.92;88.8;1013.28;52.0;active
2024-01-30 15:00:00;SENSOR_004;Location_E;31.37;64.0;996.74;61.9;active
2024-01-13 10:00:00;SENSOR_007;Location_C;36.16;60.6;1010.7;57.2;active
2024-01-05 23:00:00;SENSOR_002;Location_C;15.01;85.3;1014.16;55.8;active
2024-02-03 19:00:00;SENSOR_004;Location_E;21.41;80.5;1005.62;75.9;active
2024-02-22 04:00:00;SENSOR_002;Location_C;61.43;89.2;1002.96;49.4;active
2024-02-23 05:00:00;SENSOR_003;Location_D;22.78;71.0;1004.23;50.0;active
2024-02-09 18:00:00;SENSOR_008;Location_D;21.96;80.1;1029.9;92.1;active
2024-02-18 17:00:00;SENSOR_002;Location_C;27.49;69.4;1008.75;65.2;active
2024-02-09 10:00:00;SENSOR_010;Location_A;35.83;64.8;1017.86;47.1;active
2024-02-21 03:00:00;SENSOR_009;Location_E;20.5;84.9;1029.18;60.1;active
2024-02-08 10:00:00;SENSOR_002;location_c;;65.5;1019.97;53.4;active
2024-01-16 01:00:00;SENSOR_001;Location_B;17.62;100.0;1010.04;38.1;active
2024-02-07 11:00:00;SENSOR_001;Location_B;36.06;59.6;1022.33;59.9;active
2024-02-18 10:00:00;SENSOR_005;Location_A;29.4;;1001.95;49.1;active
2024-01-30 11:00:00;SENSOR_004;Location_E;32.2;67.2;1020.95;32.7;active
2024-01-25 16:00:00;SENSOR_002;Location_C;30.42;59.3;1014.79;53.4;active
2024-02-02 09:00:00;SENSOR_002;Location_C;27.48;72.0;994.67;49.0;active
2024-02-03 09:00:00;SENSOR_008;Location_D;31.91;68.3;1009.13;62.7;active
2024-02-11 07:00:00;SENSOR_001;Location_B;25.52;75.7;1006.8;94.1;active
2024-01-12 00:00:00;SENSOR_007;Location_C;15.51;92.6;1008.76;22.3;active
2024-01-06 06:00:00;SENSOR_003;Location_D;24.09;85.6;1030.54;30.4;active
2024-01-01 17:00:00;SENSOR_006;Location_B;26.54;75.7;1025.82;76.3;active
2024-01-28 02:00:00;SENSOR_010;Location_A;17.58;76.0;1020.87;53.6;active
2024-02-16 00:00:00;SENSOR_003;Location_D;16.81;85.8;1022.42;50.4;active
2024-01-24 17:00:00;SENSOR_009;Location_E;24.14;75.8;1025.28;104.3;active
2024-01-28 19:00:00;SENSOR_004;Location_E;25.36;78.0;1007.21;67.3;active
2024-01-08 16:00:00;SENSOR_006;Location_B;29.37;76.2;1009.47;49.4;active
2024-02-29 18:00:00;SENSOR_007;Location_C;27.1;74.7;1019.25;68.3;active
2024-01-12 12:00:00;SENSOR_007;location_c;35.91;58.6;1007.6;54.6;active
2024-01-20 07:00:00;SENSOR_010;Location_A;29.23;73.0;1019.97;80.4;active
2024-01-11 21:00:00;SENSOR_008;location_d;19.05;84.6;1000.89;30.3;active
2024-02-25 04:00:00;SENSOR_001;Location_B;20.65;85.3;1014.35;62.9;active
2024-02-20 14:00:00;SENSOR_002;location_c;29.76;70.9;1020.17;57.2;active
2024-01-10 20:00:00;SENSOR_005;Location_A;20.02;87.2;1021.5;58.7;active
2024-01-17 06:00:00;SENSOR_001;Location_B;23.94;83.0;1014.74;45.7;active
2024-01-31 22:00:00;SENSOR_009;Location_E;15.71;95.8;987.92;73.9;active
2024-02-15 18:00:00;SENSOR_008;Location_D;23.94;80.9;1015.07;96.6;active
2024-01-07 00:00:00;SENSOR_003;Location_D;16.33;85.9;1001.07;33.5;active
2024-01-16 01:00:00;SENSOR_006;Location_B;18.04;91.4;1018.99;29.6;active
2024-01-22 01:00:00;SENSOR_005;Location_A;47.86;90.2;1007.88;47.7;active
2024-01-25 04:00:00;SENSOR_003;Location_D;19.01;84.3;1012.61;24.4;active
2024-01-26 08:00:00;SENSOR_003;Location_D;28.39;82.3;999.3;96.2;active
2024-01-28 11:00:00;SENSOR_008;Location_D;34.46;73.6;1005.06;37.7;active
2024-01-26 23:00:00;SENSOR_002;Location_C;15.64;91.4;1014.22;38.7;active
2024-01-29 06:00:00;SENSOR_009;Location_E;21.45;81.8;990.24;40.1;active
2024-02-18 06:00:00;SENSOR_004;Location_E;25.31;79.7;999.09;47.6;active
2024-01-17 00:00:00;SENSOR_005;location_a;13.05;94.1;1004.52;60.1;active
2024-01-18 03:00:00;SENSOR_005;Location_A;19.51;89.3;1012.26;9.0;active
2024-02-09 22:00:00;SENSOR_009;Location_E;15.67;99.4;1027.8;37.6;active
2024-01-28 05:00:00;SENSOR_010;Location_A;17.01;87.5;1011.75;50.5;active
2024-01-22 03:00:00;SENSOR_009;Location_E;19.82;92.4;1030.29;61.7;active
2024-01-31 17:00:00;SENSOR_005;Location_A;27.73;70.1;1013.84;108.6;active
2024-02-09 05:00:00;SENSOR_008;Location_D;22.26;77.6;1015.32;72.5;active
2024-02-02 01:00:00;SENSOR_002;Location_C;15.53;88.2;1020.59;16.8;active
2024-02-08 05:00:00;SENSOR_002;Location_C;23.26;76.8;1018.99;20.1;active
2024-02-03 16:00:00;SENSOR_008;Location_D;31.01;68.3;1014.55;42.0;active
2024-01-13 01:00:00;SENSOR_002;Location_C;19.65;84.4;1017.03;28.6;active
2024-01-15 11:00:00;SENSOR_009;Location_E;32.26;60.8;1021.19;67.4;active
2024-01-10 18:00:00;SENSOR_009;Location_E;24.74;67.3;1008.4;84.2;active
2024-01-12 04:00:00;SENSOR_007;Location_C;21.05;86.7;1013.43;65.6;active
2024-01-09 17:00:00;SENSOR_007;Location_C;28.34;75.6;1028.22;80.9;active
2024-01-04 04:00:00;SENSOR_007;Location_C;20.28;81.9;1003.2;38.9;active
2024-02-20 06:00:00;SENSOR_008;Location_D;25.25;78.8;1017.3;55.7;active
2024-01-14 14:00:00;SENSOR_008;Location_D;31.58;70.2;1022.32;49.7;active
2024-01-03 14:00:00;SENSOR_001;Location_B;32.61;62.8;1012.4;29.5;active
2024-02-12 03:00:00;SENSOR_007;Location_C;17.88;87.7;1012.43;78.6;active
2024-01-04 15:00:00;SENSOR_006;Location_B;30.09;70.6;986.27;72.1;active
2024-01-07 02:00:00;SENSOR_005;Location_A;17.06;98.2;1010.63;55.2;active
2024-02-25 20:00:00;SENSOR_005;Location_A;63.61;80.6;1003.8;43.0;active
2024-01-15 06:00:00;SENSOR_006;Location_B;23.16;85.0;1000.42;66.2;active
2024-01-19 08:00:00;SENSOR_010;Location_A;26.94;73.1;1006.6;68.8;active
2024-02-21 04:00:00;SENSOR_003;Location_D;23.44;83.4;1012.27;48.5;active
2024-02-07 19:00:00;SENSOR_010;Location_A;23.66;71.7;1027.89;101.8;active
2024-02-04 17:00:00;SENSOR_005;Location_A;26.72;79.4;1014.72;77.6;active
2024-01-06 09:00:00;SENSOR_001;Location_B;34.59;58.3;995.71;66.6;active
2024-01-03 05:00:00;SENSOR_003;Location_D;26.23;76.1;1023.91;49.6;active
2024-02-13 12:00:00;SENSOR_004;Location_E;36.3;59.7;1000.88;50.0;active
2024-02-07 09:00:00;SENSOR_003;Location_D;31.66;59.2;999.67;71.3;active
2024-01-12 19:00:00;SENSOR_004;Location_E;23.43;82.4;1008.14;70.3;active
2024-01-29 17:00:00;SENSOR_007;Location_C;25.2;85.6;1007.71;76.0;active
2024-02-10 17:00:00;SENSOR_008;Location_D;27.71;74.0;1006.36;91.8;active
2024-01-21 00:00:00;SENSOR_006;Location_B;17.65;88.5;1004.48;33.9;active
2024-02-22 06:00:00;SENSOR_003;Location_D;24.82;79.5;1009.78;27.2;active
2024-01-15 22:00:00;SENSOR_008;Location_D;17.65;;996.53;35.5;active
2024-01-20 02:00:00;SENSOR_007;Location_C;17.8;80.5;1011.34;61.5;active
2024-01-04 00:00:00;SENSOR_002;Location_C;18.0;78.2;1013.03;57.1;active
2024-02-17 10:00:00;SENSOR_001;Location_B;32.35;62.3;1008.25;68.8;active
2024-01-08 02:00:00;SENSOR_006;Location_B;19.51;83.8;1014.65;39.8;active
2024-02-14 17:00:00;SENSOR_010;Location_A;26.46;80.0;1020.23;62.7;active
2024-02-27 07:00:00;SENSOR_009;Location_E;27.01;72.0;1024.83;72.0;active
2024-02-04 00:00:00;SENSOR_008;Location_D;18.22;83.5;997.87;62.7;active
2024-02-10 07:00:00;SENSOR_004;Location_E;30.45;66.2;1014.38;75.5;active
2024-02-22 00:00:00;SENSOR_010;Location_A;17.64;87.1;1002.76;62.2;active
2024-01-31 09:00:00;SENSOR_008;Location_D;37.08;54.8;1021.18;68.1;active
2024-01-20 05:00:00;SENSOR_003;Location_D;23.87;85.1;1025.63;32.5;active
2024-01-02 15:00:00;SENSOR_001;Location_B;31.95;;1037.98;37.4;active
2024-02-11 05:00:00;SENSOR_002;Location_C;21.76;81.3;1021.81;35.0;active
2024-01-19 13:00:00;SENSOR_001;Location_B;34.55;70.6;1016.9;61.7;active
2024-02-19 15:00:00;SENSOR_002;Location_C;28.53;67.9;1017.18;53.5;active
2024-02-11 13:00:00;SENSOR_003;location_d;33.95;63.6;999.68;60.8;active
2024-01-21 01:00:00;SENSOR_002;Location_C;16.07;92.8;1025.71;38.9;active
2024-02-06 19:00:00;SENSOR_004;Location_E;23.09;83.3;1022.17;74.6;active
2024-02-22 09:00:00;SENSOR_009;Location_E;35.15;61.2;1024.15;51.4;active
2024-01-04 14:00:00;SENSOR_009;Location_E;30.38;71.5;1024.82;38.8;active
2024-01-19 03:00:00;SENSOR_004;Location_E;20.52;88.0;998.02;37.7;active
2024-02-09 18:00:00;SENSOR_007;Location_C;23.95;76.0;1020.48;106.4;active
2024-02-06 09:00:00;SENSOR_003;Location_D;25.52;84.6;1007.22;77.1;active
2024-02-10 13:00:00;SENSOR_002;Location_C;33.97;60.4;1023.56;55.9;active
2024-02-26 04:00:00;SENSOR_001;Location_B;22.0;85.1;1024.82;45.7;active
2024-01-05 20:00:00;SENSOR_006;Location_B;20.39;81.4;1014.24;63.7;active
2024-01-04 17:00:00;SENSOR_009;Location_E;24.63;74.9;1008.61;70.1;active
2024-01-02 13:00:00;SENSOR_006;Location_B;32.04;74.6;1020.21;48.3;active
2024-01-14 09:00:00;SENSOR_004;Location_E;32.6;65.3;996.44;57.0;active
2024-02-03 04:00:00;SENSOR_001;Location_B;22.46;78.3;1016.32;62.8;active
2024-01-01 14:00:00;SENSOR_001;Location_B;31.37;61.4;1005.72;32.5;active
2024-02-14 09:00:00;SENSOR_001;Location_B;29.23;65.4;1009.39;89.1;active
2024-01-23 15:00:00;SENSOR_002;Location_C;30.97;75.8;1025.81;14.5;active
2024-01-16 10:00:00;SENSOR_007;Location_C;30.01;73.8;1019.1;37.0;active
2024-01-09 07:00:00;SENSOR_004;Location_E;25.76;72.0;1013.13;87.5;active
2024-01-14 08:00:00;SENSOR_004;Location_E;27.91;67.9;999.44;83.8;active
2024-02-27 05:00:00;SENSOR_002;Location_C;23.59;76.1;1009.18;58.6;maintenance
2024-01-21 23:00:00;SENSOR_001;location_b;19.73;88.4;1019.91;43.3;active
2024-02-02 14:00:00;SENSOR_002;Location_C;30.29;61.6;993.41;37.6;active
2024-02-15 00:00:00;SENSOR_009;Location_E;14.08;91.9;1003.58;40.0;active
2024-01-17 11:00:00;SENSOR_002;location_c;31.16;63.2;1003.12;55.5;active
2024-01-08 07:00:00;SENSOR_004;location_e;26.21;77.8;1023.24;99.6;active
2024-01-21 10:00:00;SENSOR_005;Location_A;31.67;76.7;1010.51;68.3;active
2024-01-27 15:00:00;SENSOR_005;Location_A;26.79;66.3;1016.67;43.2;active
2024-01-14 11:00:00;SENSOR_008;Location_D;34.97;57.7;1029.07;50.2;active
2024-02-16 15:00:00;SENSOR_007;Location_C;29.55;69.3;991.33;45.1;active
2024-01-16 05:00:00;SENSOR_009;Location_E;22.82;83.9;1007.83;49.0;active
2024-02-20 11:00:00;SENSOR_007;Location_C;31.45;66.9;1025.5;70.0;active
2024-01-06 16:00:00;SENSOR_003;Location_D;30.57;69.0;987.1;49.8;active
2024-02-24 01:00:00;SENSOR_005;Location_A;18.27;92.1;1006.9;64.8;active
2024-02-16 10:00:00;SENSOR_010;Location_A;32.12;67.6;1028.96;51.1;active
2024-01-31 16:00:00;SENSOR_006;Location_B;27.85;69.7;1009.16;62.7;active
2024-01-06 10:00:00;SENSOR_007;Location_C;31.01;66.6;1007.87;52.3;active
2024-01-12 11:00:00;SENSOR_010;Location_A;39.08;53.8;1016.42;46.3;active
2024-01-21 23:00:00;SENSOR_004;Location_E;17.61;88.0;1013.63;48.4;active
2024-01-02 13:00:00;SENSOR_003;Location_D;29.04;64.1;1000.4;38.1;active
2024-02-26 14:00:00;SENSOR_002;Location_C;33.11;61.7;1023.54;56.8;active
2024-02-19 13:00:00;SENSOR_004;Location_E;29.7;62.5;1012.82;65.9;active
2024-02-01 12:00:00;SENSOR_008;Location_D;32.74;63.5;1009.92;61.2;active
2024-01-18 15:00:00;SENSOR_001;Location_B;29.2;78.0;1017.44;39.3;active
2024-02-29 04:00:00;SENSOR_003;Location_D;17.98;;1009.29;22.1;active
2024-02-07 17:00:00;SENSOR_008;location_d;30.6;69.4;1029.75;95.4;active
2024-02-05 08:00:00;SENSOR_003;Location_D;31.47;68.4;1019.19;56.4;active
2024-02-23 07:00:00;SENSOR_003;Location_D;27.89;74.7;1022.98;78.1;active
2024-01-29 00:00:00;SENSOR_009;location_e;17.97;81.3;1013.27;54.0;active
2024-02-11 06:00:00;SENSOR_003;Location_D;27.32;61.5;1018.94;60.9;active
2024-02-12 15:00:00;SENSOR_001;Location_B;32.07;66.3;1026.47;54.0;active
2024-01-11 07:00:00;SENSOR_002;location_c;26.95;68.7;1027.2;93.6;active
2024-02-16 06:00:00;SENSOR_001;Location_B;23.85;81.2;1010.14;29.6;active
2024-01-04 04:00:00;SENSOR_005;Location_A;21.32;81.6;1022.16;18.1;active
2024-01-25 23:00:00;SENSOR_010;location_a;17.65;82.0;1018.91;36.7;active
2024-02-09 00:00:00;SENSOR_009;Location_E;18.21;94.5;997.2;68.5;active
2024-01-11 05:00:00;SENSOR_007;Location_C;24.65;73.6;1027.95;62.0;active
2024-02-16 21:00:00;SENSOR_001;Location_B;14.45;100.0;1021.23;74.8;active
2024-02-26 01:00:00;SENSOR_005;Location_A;16.96;91.1;999.81;75.9;active
2024-01-13 18:00:00;SENSOR_003;Location_D;23.13;81.7;1024.61;92.8;active
2024-01-12 20:00:00;SENSOR_008;Location_D;17.66;95.1;1007.18;52.5;active
2024-01-20 16:00:00;SENSOR_010;Location_A;28.75;73.9;987.17;75.8;active
2024-02-15 11:00:00;SENSOR_006;Location_B;32.91;66.3;1016.39;62.3;active
2024-01-30 15:00:00;SENSOR_010;Location_A;29.32;70.4;1010.58;68.2;active
2024-02-18 16:00:00;SENSOR_002;Location_C;27.22;72.9;1016.68;47.1;active
2024-01-07 12:00:00;SENSOR_005;Location_A;33.58;56.9;998.45;54.0;active
2024-01-04 06:00:00;SENSOR_008;Location_D;24.96;77.3;1010.61;33.2;active
2024-02-17 23:00:00;SENSOR_003;Location_D;18.23;82.4;1018.2;34.9;active
2024-02-05 19:00:00;SENSOR_003;Location_D;23.36;82.0;1005.18;94.2;active
2024-02-08 16:00:00;SENSOR_006;Location_B;28.91;65.6;1002.06;51.2;active
2024-01-11 21:00:00;SENSOR_010;Location_A;19.46;84.4;1012.7;43.3;active
2024-01-07 01:00:00;SENSOR_004;Location_E;18.05;93.3;1033.72;62.9;active
2024-02-16 05:00:00;SENSOR_007;Location_C;22.5;80.8;1012.54;67.0;active
2024-02-08 23:00:00;SENSOR_006;Location_B;16.8;96.6;1013.28;57.2;active
2024-02-12 18:00:00;SENSOR_003;Location_D;24.36;69.7;1009.45;93.4;active
2024-01-05 16:00:00;SENSOR_002;Location_C;30.19;73.0;1011.61;39.0;active
2024-02-28 07:00:00;SENSOR_008;Location_D;27.02;73.7;1018.49;72.3;active
2024-02-29 09:00:00;SENSOR_006;Location_B;28.27;77.6;1035.6;79.2;active
2024-02-15 09:00:00;SENSOR_002;Location_C;29.74;72.7;1023.6;91.4;active
2024-02-21 11:00:00;SENSOR_003;Location_D;30.87;72.1;1010.9;61.1;active
2024-02-07 05:00:00;SENSOR_010;Location_A;22.64;79.8;1015.13;43.1;active
2024-02-04 13:00:00;SENSOR_005;Location_A;96.79;74.8;1036.02;65.9;active
2024-02-25 05:00:00;SENSOR_008;Location_D;22.66;75.6;1006.79;46.7;active
2024-02-17 08:00:00;SENSOR_010;Location_A;26.01;81.9;1014.67;88.6;active
2024-02-28 18:00:00;SENSOR_003;location_d;23.34;78.3;1017.17;83.8;active
2024-01-16 23:00:00;SENSOR_002;Location_C;18.15;87.3;1005.9;40.7;active
2024-02-08 19:00:00;SENSOR_006;Location_B;21.94;83.8;1027.59;89.5;active
2024-02-11 17:00:00;SENSOR_002;Location_C;22.4;79.9;1012.35;78.5;active
2024-02-09 08:00:00;SENSOR_003;Location_D;29.52;68.0;1016.82;114.5;active
2024-01-13 03:00:00;SENSOR_008;Location_D;22.58;94.2;1016.91;77.1;active
2024-02-14 07:00:00;SENSOR_008;Location_D;27.42;75.8;1015.8;98.9;active
2024-02-29 03:00:00;SENSOR_006;Location_B;20.57;85.1;999.63;66.5;active
2024-02-11 06:00:00;SENSOR_005;location_a;27.04;72.5;1013.22;58.8;active
2024-01-30 15:00:00;SENSOR_001;Location_B;29.7;;1009.76;41.2;active
2024-01-07 06:00:00;SENSOR_005;Location_A;25.19;72.6;1016.19;34.7;active
2024-01-24 02:00:00;SENSOR_005;Location_A;15.2;96.9;1019.87;65.9;active
2024-02-26 11:00:00;SENSOR_008;Location_D;34.05;61.3;994.42;50.4;active
2024-02-16 12:00:00;SENSOR_008;Location_D;35.99;63.9;1028.12;40.3;active
2024-02-09 07:00:00;SENSOR_004;Location_E;28.12;76.3;1015.99;79.5;active
2024-01-26 23:00:00;SENSOR_004;Location_E;14.53;98.2;1015.44;58.5;active
2024-02-17 14:00:00;SENSOR_010;Location_A;32.97;72.0;998.33;25.5;active
2024-01-15 14:00:00;SENSOR_001;Location_B;31.76;67.9;1011.56;62.0;active
2024-02-04 20:00:00;SENSOR_003;Location_D;21.76;81.0;1017.61;63.1;active
2024-02-02 00:00:00;SENSOR_007;Location_C;15.89;93.7;1017.31;73.9;active
2024-02-06 17:00:00;SENSOR_009;location_e;24.86;70.9;1004.85;91.9;active
2024-02-21 08:00:00;SENSOR_002;Location_C;28.41;81.0;1005.75;79.7;active
2024-01-11 12:00:00;SENSOR_007;Location_C;32.93;55.5;1020.13;58.6;active
2024-02-02 16:00:00;SENSOR_009;Location_E;30.44;72.2;1028.89;40.5;active
2024-01-09 21:00:00;SENSOR_002;Location_C;19.95;82.0;1021.09;71.1;active
2024-01-22 22:00:00;SENSOR_002;Location_C;15.1;94.6;1008.74;65.2;active
2024-02-05 23:00:00;SENSOR_002;location_c;18.56;99.7;1025.15;56.4;active
2024-01-11 01:00:00;SENSOR_009;Location_E;15.23;93.1;1014.63;19.4;active
2024-02-20 08:00:00;SENSOR_001;location_b;;75.6;1011.66;61.8;active
2024-01-18 19:00:00;SENSOR_006;Location_B;18.73;88.0;1006.65;75.6;active
2024-01-28 20:00:00;SENSOR_007;Location_C;22.17;84.3;1012.23;37.1;active
2024-01-14 20:00:00;SENSOR_002;Location_C;17.59;86.6;1013.39;37.9;active
2024-01-07 12:00:00;SENSOR_010;location_a;31.07;74.6;1031.7;44.3;active
2024-02-08 20:00:00;SENSOR_005;Location_A;20.02;82.3;1026.75;61.5;active
2024-01-16 21:00:00;SENSOR_004;Location_E;17.29;81.9;1013.59;40.0;active
2024-02-23 15:00:00;SENSOR_007;Location_C;29.3;75.3;1036.45;28.8;active
2024-02-08 18:00:00;SENSOR_001;Location_B;23.68;76.0;1000.94;70.6;active
2024-01-07 08:00:00;SENSOR_006;Location_B;24.97;85.1;1018.73;63.4;active
2024-02-20 21:00:00;SENSOR_002;Location_C;19.55;83.6;1007.42;36.8;active
2024-01-13 21:00:00;SENSOR_005;Location_A;21.95;79.1;1000.81;60.2;active
2024-01-18 11:00:00;SENSOR_003;location_d;29.44;65.2;1008.63;43.4;active
2024-02-15 16:00:00;SENSOR_008;Location_D;26.72;74.7;998.79;55.3;active
2024-01-29 04:00:00;SENSOR_004;Location_E;18.82;85.3;1005.59;57.9;active
2024-01-14 15:00:00;SENSOR_002;Location_C;30.45;69.7;1007.67;57.6;active
2024-02-12 11:00:00;SENSOR_006;Location_B;29.76;67.4;1010.73;23.7;active
2024-02-21 18:00:00;SENSOR_010;Location_A;24.32;84.1;1011.84;83.8;active
2024-02-20 17:00:00;SENSOR_006;Location_B;;80.5;1017.65;84.4;active
2024-01-21 18:00:00;SENSOR_001;Location_B;23.29;80.6;1019.72;92.5;active
2024-01-19 06:00:00;SENSOR_006;Location_B;25.31;71.1;1022.89;40.8;active
2024-01-16 13:00:00;SENSOR_008;Location_D;31.12;63.6;1009.7;60.5;active
2024-02-17 07:00:00;SENSOR_004;Location_E;27.75;68.9;1034.14;109.3;active
2024-02-15 20:00:00;SENSOR_002;Location_C;22.31;78.8;1031.73;36.0;active
2024-02-27 12:00:00;SENSOR_002;Location_C;32.82;62.4;1036.0;75.7;active
2024-02-22 03:00:00;SENSOR_003;Location_D;20.25;80.5;988.8;60.1;active
2024-01-22 23:00:00;SENSOR_007;location_c;;92.2;1013.47;74.2;active
2024-02-08 20:00:00;SENSOR_004;Location_E;21.68;83.1;997.9;38.6;active
2024-02-29 19:00:00;SENSOR_010;Location_A;23.85;82.2;1003.33;101.9;active
2024-01-09 12:00:00;SENSOR_008;Location_D;37.06;63.5;1018.58;41.9;active
2024-01-24 18:00:00;SENSOR_006;Location_B;24.69;78.9;1015.06;70.7;active
2024-01-11 01:00:00;SENSOR_003;Location_D;18.76;90.2;1015.1;51.7;active
2024-01-23 04:00:00;SENSOR_002;Location_C;20.13;77.1;1025.6;27.8;active
2024-01-25 23:00:00;SENSOR_004;Location_E;16.14;87.8;1005.04;32.2;active
2024-02-23 17:00:00;SENSOR_008;Location_D;26.77;72.8;1026.85;93.0;active
2024-02-05 06:00:00;SENSOR_006;Location_B;24.76;89.1;1006.98;22.6;active
2024-01-11 20:00:00;SENSOR_010;Location_A;21.34;93.1;1008.56;32.4;active
2024-02-06 01:00:00;SENSOR_010;Location_A;11.53;97.3;1015.64;56.1;active
2024-01-19 03:00:00;SENSOR_003;Location_D;18.21;80.9;997.78;55.6;active
2024-01-21 12:00:00;SENSOR_009;Location_E;33.3;65.6;1018.85;51.5;active
2024-01-12 06:00:00;SENSOR_004;location_e;26.92;73.5;1009.65;60.3;active
2024-02-24 05:00:00;SENSOR_005;Location_A;21.74;88.0;1023.64;38.9;active
2024-01-29 19:00:00;SENSOR_004;Location_E;26.61;79.3;1013.76;65.0;active
2024-01-09 07:00:00;SENSOR_006;Location_B;27.61;;1004.01;71.2;active
2024-02-14 02:00:00;SENSOR_008;Location_D;14.06;100.0;989.88;28.1;active
2024-02-01 22:00:00;SENSOR_002;Location_C;16.29;86.2;1021.98;75.4;active
2024-01-25 13:00:00;SENSOR_010;Location_A;35.92;62.9;1006.29;33.3;active
2024-02-19 01:00:00;SENSOR_007;Location_C;17.75;93.5;1019.99;26.2;active
2024-01-09 19:00:00;SENSOR_006;Location_B;24.97;78.5;1021.22;83.9;active
2024-02-03 21:00:00;SENSOR_006;location_b;16.56;95.8;1008.84;67.3;active
2024-01-20 14:00:00;SENSOR_008;Location_D;31.25;65.3;1009.91;31.4;active
2024-01-29 08:00:00;SENSOR_003;Location_D;29.0;75.4;1003.78;101.8;active
2024-02-15 06:00:00;SENSOR_005;Location_A;27.81;68.2;1014.76;32.7;active
2024-01-29 20:00:00;SENSOR_005;Location_A;21.45;86.6;1006.1;44.7;active
2024-02-23 20:00:00;SENSOR_003;Location_D;21.17;82.7;1006.26;86.5;active
2024-02-14 16:00:00;SENSOR_001;Location_B;28.93;69.9;1016.31;36.5;active
2024-01-21 23:00:00;SENSOR_003;Location_D;17.31;;1021.88;47.0;active
2024-01-25 06:00:00;SENSOR_007;Location_C;27.27;75.3;1019.16;50.9;active
2024-02-05 08:00:00;SENSOR_009;location_e;29.16;80.8;1001.08;77.0;active
2024-01-26 21:00:00;SENSOR_006;Location_B;17.2;92.3;1022.97;55.0;active
2024-01-07 04:00:00;SENSOR_003;Location_D;21.81;87.4;1003.37;42.0;active
2024-01-07 17:00:00;SENSOR_004;Location_E;25.37;82.0;1018.08;58.9;active
2024-01-07 02:00:00;SENSOR_008;Location_D;16.57;89.3;1000.92;56.7;active
2024-01-06 04:00:00;SENSOR_002;Location_C;19.62;88.6;1023.4;72.4;active
2024-01-08 02:00:00;SENSOR_009;Location_E;17.1;92.2;1020.2;45.2;active
2024-02-07 20:00:00;SENSOR_010;location_a;20.88;80.9;1022.26;65.3;active
2024-02-11 19:00:00;SENSOR_010;Location_A;23.31;74.5;1007.44;91.4;active
2024-01-06 16:00:00;SENSOR_002;location_c;33.09;62.4;1017.4;69.2;active
2024-01-06 07:00:00;SENSOR_002;Location_C;30.59;67.0;1015.81;69.7;active
2024-01-02 13:00:00;SENSOR_007;Location_C;34.2;60.6;1006.64;78.3;active
2024-02-21 12:00:00;SENSOR_003;Location_D;30.61;72.6;997.6;50.0;active
2024-02-26 22:00:00;SENSOR_006;location_b;17.79;90.2;1016.61;65.6;active
2024-02-27 03:00:00;SENSOR_007;Location_C;19.63;92.9;1016.97;29.7;active
2024-02-14 01:00:00;SENSOR_001;Location_B;14.6;90.9;1018.81;55.4;active
2024-02-17 14:00:00;SENSOR_006;Location_B;30.16;76.2;1004.27;67.3;active
2024-01-13 15:00:00;SENSOR_010;Location_A;28.16;76.4;1008.66;47.7;active
2024-02-18 01:00:00;SENSOR_002;Location_C;16.16;91.9;1020.3;53.9;active
2024-02-09 05:00:00;SENSOR_005;Location_A;22.3;73.5;1015.13;73.4;active
2024-01-13 07:00:00;SENSOR_008;Location_D;24.73;82.7;1014.61;78.9;active
2024-02-11 17:00:00;SENSOR_004;Location_E;24.98;76.6;1018.52;83.6;active
2024-02-24 04:00:00;SENSOR_009;Location_E;20.01;92.7;1013.78;47.7;active
2024-01-13 17:00:00;SENSOR_005;Location_A;26.2;74.3;1030.86;84.4;active
2024-02-11 23:00:00;SENSOR_009;Location_E;17.1;85.5;1005.97;26.0;active
2024-02-12 18:00:00;SENSOR_006;Location_B;26.24;78.1;1026.08;88.7;active
2024-02-10 10:00:00;SENSOR_010;Location_A;33.85;61.4;1015.29;56.5;active
2024-02-04 23:00:00;SENSOR_005;Location_A;15.47;92.5;1018.2;53.3;active
2024-02-22 08:00:00;SENSOR_005;location_a;31.18;65.9;1013.13;91.6;active
2024-02-09 03:00:00;SENSOR_003;Location_D;18.16;92.7;1029.69;51.7;active
2024-01-24 19:00:00;SENSOR_007;Location_C;23.62;83.6;1021.47;76.7;active
2024-02-19 18:00:00;SENSOR_008;Location_D;24.81;74.9;1035.88;78.2;active
2024-02-26 06:00:00;SENSOR_007;Location_C;21.97;84.3;1027.46;58.2;active
2024-01-21 14:00:00;SENSOR_008;Location_D;34.02;66.7;1001.91;40.4;active
2024-01-10 09:00:00;SENSOR_005;Location_A;27.96;66.5;1003.43;44.7;active
2024-01-22 14:00:00;SENSOR_004;Location_E;33.66;69.6;1011.68;56.3;active
2024-01-25 22:00:00;SENSOR_004;location_e;15.24;77.3;1020.24;31.6;active
2024-02-18 00:00:00;SENSOR_008;Location_D;16.97;75.4;1003.41;53.1;active
2024-02-25 09:00:00;SENSOR_003;Location_D;27.36;84.6;1028.79;85.7;active
2024-01-12 00:00:00;SENSOR_002;Location_C;16.33;90.7;996.99;17.3;active
2024-01-30 00:00:00;SENSOR_010;Location_A;16.73;90.7;987.82;35.8;active
2024-02-21 13:00:00;SENSOR_006;Location_B;32.59;61.0;1011.36;48.9;active
2024-02-19 12:00:00;SENSOR_003;Location_D;34.23;65.9;1005.04;51.9;active
2024-02-09 04:00:00;SENSOR_004;Location_E;22.97;84.3;1012.29;36.4;active
2024-02-04 17:00:00;SENSOR_003;Location_D;26.6;67.9;1000.84;78.0;active
2024-02-19 03:00:00;SENSOR_004;Location_E;16.88;88.5;1001.18;22.8;active
2024-01-04 02:00:00;SENSOR_009;Location_E;20.44;75.0;1024.68;58.3;active
2024-01-25 19:00:00;SENSOR_002;Location_C;21.4;87.1;1021.39;64.3;active
2024-02-02 05:00:00;SENSOR_009;Location_E;23.52;80.9;1007.11;69.1;active
2024-01-06 15:00:00;SENSOR_001;Location_B;32.81;67.3;1026.06;42.9;active
2024-02-07 14:00:00;SENSOR_010;Location_A;31.3;70.6;1009.03;49.4;active
2024-02-09 06:00:00;SENSOR_008;Location_D;25.19;82.7;1011.47;62.0;active
2024-02-06 11:00:00;SENSOR_007;Location_C;30.24;67.7;1000.09;63.5;active
2024-01-06 17:00:00;SENSOR_003;Location_D;29.28;70.3;1008.31;74.7;active
2024-01-22 01:00:00;SENSOR_001;Location_B;17.66;91.1;1029.69;32.6;active
2024-01-30 08:00:00;SENSOR_007;Location_C;31.69;64.7;1022.78;87.2;active
2024-01-19 20:00:00;SENSOR_003;location_d;21.26;88.7;1030.74;41.5;active
2024-01-28 18:00:00;SENSOR_002;Location_C;25.91;82.0;1021.44;109.1;active
2024-01-08 21:00:00;SENSOR_009;Location_E;18.4;87.3;1020.66;24.9;active
2024-02-09 09:00:00;SENSOR_008;Location_D;28.67;73.7;1026.04;94.3;active
2024-01-01 00:00:00;SENSOR_004;Location_E;18.24;88.7;1015.35;61.5;active
2024-02-22 14:00:00;SENSOR_004;Location_E;31.12;;1000.82;53.0;active
2024-01-30 20:00:00;SENSOR_002;Location_C;22.97;77.5;1018.47;61.8;active
2024-02-05 14:00:00;SENSOR_006;Location_B;33.32;64.4;1020.27;45.0;active
2024-01-29 18:00:00;SENSOR_009;Location_E;21.75;93.1;996.97;57.2;active
2024-02-23 22:00:00;SENSOR_005;Location_A;16.71;89.0;1027.97;47.7;active
2024-02-28 01:00:00;SENSOR_002;Location_C;20.15;78.7;1017.46;38.7;active
2024-02-12 08:00:00;SENSOR_001;Location_B;26.59;74.0;1021.52;83.3;active
2024-01-15 02:00:00;SENSOR_009;Location_E;21.96;74.8;1018.03;82.5;active
2024-01-17 08:00:00;SENSOR_003;Location_D;;76.9;1018.93;52.6;active
2024-01-17 11:00:00;SENSOR_008;Location_D;34.12;62.2;1014.79;22.9;active
2024-02-17 03:00:00;SENSOR_002;Location_C;20.74;89.3;1001.96;58.6;active
2024-01-28 11:00:00;SENSOR_004;Location_E;30.58;64.6;1014.61;45.1;active
2024-02-25 18:00:00;SENSOR_005;Location_A;25.69;78.0;995.43;93.5;active
2024-01-21 15:00:00;SENSOR_006;Location_B;33.83;69.5;1008.62;50.7;active
2024-01-30 06:00:00;SENSOR_008;Location_D;24.44;81.1;1001.45;55.6;active
2024-01-02 10:00:00;SENSOR_010;Location_A;30.07;70.0;1010.37;44.5;active
2024-01-05 08:00:00;SENSOR_002;location_c;28.48;74.3;1014.15;78.1;active
2024-02-22 11:00:00;SENSOR_002;Location_C;32.78;62.9;1020.99;33.7;active
2024-02-17 07:00:00;SENSOR_001;Location_B;28.66;74.3;1026.76;80.4;active
2024-02-29 22:00:00;SENSOR_006;Location_B;16.37;94.9;1009.29;64.0;active
2024-02-16 07:00:00;SENSOR_003;Location_D;24.88;68.4;1016.35;42.7;active
